name,country_id
&TRADITION,15
0039 SRL,27
101 COPENHAGEN Gmbh,20
1STDIBS,52
2AKUCHEN,45
3DMANIA,45
3PL SERVICES,30
41 ZERO 42 SRL,27
A RUDIN FURNITURE LTD,52
AATC AND CO SRL,27
ABC ITALIA SRL,27
ABC SRL,27
ABK GROUP INDUSTRIE CERAMICHE SPA,27
ABLO BLOMMERT NV,36
ABSOLUTELY ITALIAN GOODS S.P.A.,27
ABV LOWEN,20
ACAM SRL,27
ACANTO,45
ACB ILUMINACION,45
"ACCESORIOS DE BAÑO TABERNER,SL",45
ACEITES VICENTE PEREZ SL,45
ACF,27
ACQUA DESIGN SRL,27
ACRYL STUDIO DESIGN SRL,27
AD DAL POZZO,27
ADALEYA SL,45
ADALIO SRL,27
ADALRICO,20
ADEK BVBA,36
ADEL GROUP (ASIA) LIMITED,11
ADEX S.L.,45
ADIELLE SRL,27
ADM HOME SRL,27
ADONIS PAULI PORTUGAL,41
ADRIA ART SRL,27
ADVANCED EXPORTS LLC,52
AEREOPORTI DI ROMA SPA C/O ENIT,27
AERRE SRL,27
AET ITALIA SRL,27
AFFARI AB,46
AGA RANGEMASTER LTD,16
AGAPE SRL,27
AGENCY LTD,27
AGENZIA CAMPANIA TURISMO,27
AGLIKA TRADE LTD,16
AGO SRL,27
AGOPROFIL,27
AGORA GROUP,27
AGORA MOBILIARIO,45
"AGOSTINI ARTE ARREDO, S.R.L.",27
AGOSTINI MOBILI SRL,27
AGRESTI SRL,27
AGROMENTI TESSILI SRL,27
AIARDINI SRL,27
AIRNOVA,27
AITANA TEXTIL,45
AKABA SA,45
AKDO,50
AL MA TISSUES,27
ALAIN SAINT-JOANIS,19
ALBANI,20
ALBERT GUEGAIN SA,19
ALBERTA SALOTTI,27
ALBERTI MARMI,27
ALBERTO I MARIO CHEZZANI,27
ALBION,36
ALBRECHT JUNG GMBH & CO. KG,20
ALCHYMIA SRL,27
ALCOMOBEL,45
ALDABRA SRL,27
ALDECO,45
ALDO BERNARDI SRL,27
ALEAL INDUSTRIA DE MOBILIARIO,41
ALELUIA,27
ALESSI,27
ALEXANDER LAMONT,49
ALEXANDER LOWEN,20
ALEXANDROS ILIADIS SA,21
ALF UNO SPA,27
ALFA SC,40
ALFOMBRAS ARTESANALES,45
ALFOMBRAS PENA SA,45
ALFRED APELT GMBH,20
ALFRED RAITH GMBH,20
ALFREDO SALVATORI SRL,27
ALHAMBRA INTERNATIONAL,45
ALICE CERAMICA,27
ALISAR,27
ALIVAR,27
ALLEGRI MARINO CRISTAL SA,27
ALLIED MAKER,52
ALLIED MAKER LTD,52
ALLISON MACDERMONTT WALLPAPER,16
ALMA INTERNATIONAL SRL,27
ALMA LIGHT,45
ALMALIGHT,45
ALMAR SPA,27
ALMERCATONE,27
ALNO AG,20
ALONSO MERCADER S.A.,45
ALPUCH,45
ALTA SPA,27
ALTAECO SPA,27
ALTALENA of GENEVA,47
ALTAMAREA,27
ALTAMODA,27
"ALTIMA INNOVA, S.L.",45
ALTRENOTTI SAS,27
ALVIT,27
AM CLASSIC,45
AMADIS FINE TILES,45
AMBIENTA SRL,27
AMBOAN SL,45
AMELI HOME,27
AMELI SEDIE,27
AMGLOBAL SPAN SL,45
AMR INTERNATIONAL LDA,41
AMUSEMENT GAMES SRL,27
AMUSEMENT SUPPLY CO,52
ANACLETO MARIANI SRL,27
ANANBO WALLPAPERS,19
ANDALUZA DE MARQUETERIA,45
ANDRE HOULES & CIE,20
ANDREETTO AND ZANON,27
ANDREU EST,45
ANDREU WORLD SA,45
ANDREW MARTIN,16
ANEES CUSTOM FURNITURE,52
ANELVA DI UE,27
ANGEL CERDA SL,45
ANGELLO CARILLO S.P.A.,27
ANGELO CAPELLINI,27
ANGELO ORSONI SRL,27
ANGELO SRL,27
ANGELO TORNAGHI,27
ANGLES PENCHE,45
ANN SACkS,52
ANNA NEW YORK,52
ANNA TORFS SRO,14
ANNAMARIA ALOIS,27
ANNIBALE COLOMBO SRL,27
ANTARES FOR WATER & FIRE,27
ANTARES ILLUMINACIONE SA,45
ANTECUIR S.L.,45
ANTEPRIMA LUCE & DESIGN DI SOLARIO FEDERICO,27
ANTIC CENTRE DE VULPELLAC,45
ANTIC CUIR,45
ANTIC LINE,19
ANTICHITA NARDO MICHELA,27
ANTICO E SRL,27
ANTIKITIZ,16
ANTIQUE CENTRE SLEGERS,3
ANTIQUE INDIA FURNITURE,23
ANTIQUE MIRROR SRL,27
ANTIQUES ROUND PUNT,3
ANTOINE D'ALBIOUSSE,19
ANTOLINI LUIGI & C SPA,27
ANTONELLI MORAVIO SRL,27
ANTONELLO ITALIA SRL,27
ANTONIO ALMERICH SL,45
ANTONIO CIULLI E FIGLIO SRL,27
ANTONIO FAYOS RIZO SL,45
ANTONIO LUPI DESIGN SPA,27
ANTONIO ZAMPERLO SRL,27
ANTRAX,27
ANVERSA SPA,27
APARICIO Y NAVARRO MOBLES AUXILIARES,45
APAVISA PORCELANICO SL,45
APM,27
APPARATUS,52
APPARATUS LIGHTING,52
APPIANI,27
AQUA CREATIONS,26
AQUALIFE,27
AQUASILIK SL,45
AQUATECHNIK GROUP SPA,27
AQUILA GROUP,27
AR ARREDAMENTI SRL,27
AR-TRE SRL,27
ARAN WORLD SRL,27
ARAX,20
ARBAT,19
ARBI ARREDOBAGNO SRL,27
ARBLU SRL,27
ARC DOMUS SRL,27
ARCA SRL,27
ARCAHORN SRL,27
ARCAHORN SRL,27
ARCARI,27
ARCHEO VENICE DESIGN SRL,27
ARCHETYPO SRL,27
ARCHILAB DESIGN,27
ARCHIUTTI SPA,27
ARCHIVIO E FORTINO,27
ARCLUCE SPA,27
ARCOM SRL,27
ARDI / KOO,45
ARES s.r.l.,27
ARGALION SRL,27
ARINA PRUDNICHENKO,15
ARIOSTEA,27
ARITALI SRL,27
ARIZZI MARIO & FIGLI E C SNC,27
ARKETIPO,27
ARKIMUEBLE,45
ARKLAM CERAMICS,45
ARKOSLIGHT,45
ARLATI SAS,27
"ARLEX DESIGN, S.L.",45
ARMANDO FERREIRA SILVA & FOS LDA,41
ARMANDO RHO,27
ARMOBIL SPA,27
ARMONIA DI INTERNI SRL,27
ARMONIA DI INTERNI SRL- Impronta Tessile,27
ARMONY SPA,27
ARNABOLDI INTERIORS SRL,27
AROMAS DEL CAMPO,45
ARREDAMENTI 3G SAS,27
ARREDAMENTI ABBONDI,27
ARREDAMENTI GIANNI E GIANNA SRL,27
ARREDAMENTI LUCIANO,27
ARREDAMENTI TRE O,27
ARREDAMENTO LOMBARDO SPA,27
ARREDAMENTO LOMBARDO SPA (Aura Fabrics),27
ARREDO 3 SRL,27
ARREDO CLASSIC,27
ARREDO E SOFÀ,27
ARREDO3 CUCINE,27
ARREDOMENTO LOMBARDO SPA,27
ARREX-1 SPA,27
ARRITAL CUCINE SRL,27
ARSPA SNC,27
ART & DECOR CATALINA,45
ART @ CO,41
ART CERAM SRL,27
ART ET FLORITUDE,19
ART LEATHER s.r.l.,27
ART SOLDEVILLA,45
ART&DECOR,20
ARTALDA SL,45
ARTE ANTIQUA,27
ARTE BROTTO MOBILI SRL,27
ARTE CASA SRL,27
ARTE DI MURANO SRL,27
ARTE LUCE SRL,27
ARTE VENEZIANA SRL,27
ARTEARREDO SCHLERET SRL,27
ARTECNO SRL,27
ARTEINMOTION SNC,27
ARTELINEA SPA,27
ARTELORE HOME SL,45
ARTEMADER,45
ARTEMESA BV,3
ARTEMIDE SPA,27
ARTERIORS HOME,52
ARTESANIA JOALPA SL,45
ARTESANIA REDONDO,45
ARTESI SRL,27
ARTEX DI TREVISANI MARCO,27
ARTEX SRL,27
ARTEXA TAPPETTI,27
ARTI DI VETRO,27
ARTICOLI TECNICI INDUSTRIALIi,27
ARTIKALIA,45
ARTIPUN SA,45
ARTISTIC TILE INC,51
ARTURO ALVAREZ,45
ARVE STYLE,27
ARYECLA MUEBLES,45
AS FABRICS,45
ASAHI GLASSPLANT INC,28
ASCENSION LATORRE SL,45
ASHOME SRL,27
"ASIA COLLECTION CO., LTD",49
ASIAN LOGISTICS AGENCIES S.R.L.,27
ASIATIDES,19
ASIATIDES IMPORT SAS,19
ASNAGHI INTERIORS SRL,27
ASOLA S.A.S.,27
ASSO CUCINE,27
ASSOULINE,16
ASSOULINE PUBLISHING INC,16
ASTEP DESIGN,15
ASTER CUCINE SPA,27
ASTEROID PTY LTD,1
ASTOR POLTRONE DIVANI SRL,27
ASTRA CUCINE SRL,27
ASTRID AB,46
ASTRO LIGHTING LTD,16
ASTRO LOGHTING LTD,16
ATALA,20
ATC FURNITURE FURBISHINGS CORP,54
ATELIE EXPORT SL,45
ATELIER ARETI LTD,16
ATELIER DU PAVE,19
ATELIER FRANCAIS,27
ATELIER FRANCAIS (ROCHE BOBOIS TREVISO),27
ATELIER GARY LEE,52
ATELIER GREIFF,20
ATELIER MAUDUIT - BIARD SA,19
ATELIER SEDAP FRANCE,19
ATELIER STEFAN LEO,20
ATELIER WAHNKUNST,20
ATELIERS CSD,19
ATENA SAS,27
ATLANTIC TILES SL,45
ATLAS CONCORDE,27
ATLAS CONCORDE SPA,27
ATLAS FILTRI SRL,27
ATLAS STUDIO SRL,27
ATMOSFERA SRL,27
ATRIPUN SA,45
ATTIMEC ITALIA SRL,27
AUDEJAS AB,32
AUDIO INNOVATORS,52
AUKTIONHAUS VS GMBH,20
AUNDE France,19
AURA FABRICS SRL,27
AURELIEN SERRE,19
AURIGA,45
AURORA CUCINE SRL,27
AURORE HETIER,19
AUTHENTAGE LIGHTING,3
AVER METAIS,6
AVERSA ROBERTO,27
AVIEM,27
AVILA DOS,45
AVMAZZEGA,27
AVRETT INC,52
AXO LIGHT,27
AYA GROUP,8
AZNAR TEXTIL,45
AZUVI,45
Alser Teknik Seramik A.Ş (Protherm),50
B ARREDO SNC,27
B BELLE ITALIA,27
B&B GROUP,27
B&B ITALIA,27
B&T S.P.A,27
B.HOME INTERIORS S.r.l.,27
B.KOLOR MAKEUP & SKIN CARE SPA,27
B.LUX,45
BABALIO DANTE SNC,27
BACHER,20
BACKHAUSEN GMBH,2
BADARI LIGHTING SRL,27
BAFRA SL,45
BAGA,27
BAGGIO ARREDAMENTI SRL,27
BAGNO &ASSOCIATI,27
BAKALOWITS WORKSHOP,2
BAKER INTERIORS GROUP,52
BAKOKKO,27
BALDI SRL,27
BALERI ITALIA SRL,27
BALLABIO DANTE,27
BALLESTER MUEBLES,45
BAM.ART,27
BAMAR - MOBILI D'ARTE,27
BAMAX,27
BANANA STUDIO,45
BANCI FIRENZE SRL,27
BANDEX,1
BARBARA OSORIO,41
BARJ BUZZONI SRL,27
BARMANS LTD,16
BARNINI OSEO,27
BARONCELLI LONDON,16
BAROVIER & TOSO,27
BASALTE BVA,3
BASIC LINE By Luc Meganck,3
BASTEX SPA,27
BASTIAT,19
BATH &LIVING,36
BATH QUALITY,45
BATTISTELLA SPA,27
BAUFORMAT,20
BAUMAN DEKOR GMBH,2
BAXTER SRL,27
BAYKER ITALIA SPA,27
BBTEXTILES,36
BC BERTRAND,27
BD BARCELONA 1972 SL,45
BEBY ITALY SRL,27
BECARA,45
BECKERMANN KUCHEN,20
BECKMANN,20
BEDDING,27
BEDDING DI FABRIZIO BUGIANI,27
BEDDING DI FABRIZIO BUGIANI E C,27
BEECK,20
BEGA,20
BEJORAMA SL,45
BEL LIGHTING SPRL,3
BELCOR INTERIORS srl,27
BELLA FIGURA,16
BELLACOR,52
BELLART SNC,27
BELLAVISTA,27
BELLINAILLUMINA,27
BELLO SEDIE,27
BELLONI SRL,27
BELLOSTA CARLO SRL,27
BELLOTTI EZIO ARREDAMENTI SRL,27
BELLUSCI MIRELLA SPA,27
BELTA,45
BELTRAME LUCIANO SRL,27
BEMA SRL,27
BENEDETTI MOBILI,27
BENETTO TRIONFANTE SRL,27
BENITO URBAN,45
BERGOMI SRL,27
BERICA TRAINS srl,27
BERIZZI SRL,27
BERLINER MESSINGLAMPEN,20
BERLONI,27
BERNARD REYN BV,36
BERNARDI BICICLETTE,27
BERNARDINELLO SRL,27
BERNAZZOLI,27
BERNHARDT DESIGN,52
BERNHARDT FURNITURE COMPANY,52
BERT FRANK,16
BERTANI SPA,27
BERTAZZON 3B SRL,27
BERTI PAVIMENTI LEGNO SNC,27
BERTOLINI ARTE SRL,27
BERTOLOTTO PORTE SPA,27
BESANA SRL,27
BESSELINK & JONES LTD,16
BETA MOBILI SPA,27
BEVCAFFE SRL,27
BEYCE MENSUCATAS,50
BIANCHI FLLI SRL,27
BIANCHINI SRL,27
BIANCHINI&CAPPONI - B & C SRL,27
BIANCO SRL,27
BIBA SALOTTI SRL,27
BIEFBI CUCINE,27
BIESSE,27
BIKE 24,20
BILLIANI SRL,27
BILOTTA GIUSEPPE SRL,27
BIMAX,45
BISAZZA SPA,27
BISSON BRUNEEL,19
BITOSSI,27
BITOSSI CERAMICE SRL,27
BIZZARRIE SRL,27
BIZZOTTO SRL,27
BK ITALIA SPA,27
BL MOBILI SRL,27
BLACK CROW STUDIO,52
BLACK TIE SOFAS,27
BLANC DES VOSGES,19
BLANCH,45
BLASCO&VILA,45
BLENDWORTH LTD,16
BLEU PROVENCE SRL,27
BLINDATO EFFEPI SRL,27
BLOB SRL,27
BLOMUS,20
BLOOMINGVILLE AS,15
BLUE SKY GLOBAL,23
BM STYLE,27
BMB ITALY SRL,27
BMP,27
BMT SRL,27
BOCA DO LOBO,41
BOCCI,20
BODEMA SRL,27
BODOR,36
BOETTO SRL,27
BOFFI BERLIN GMBH,20
BOFFI KOLN,20
BOFFI MUNCHEN,20
BOFFI STUDIO GUADAGNI,27
BOHEME DESIGN SL,45
BOHEMIA MACHINE (BOMMA),14
BOHLENDER GMBH,20
BOISIRIE ITALIA SRL,27
BOLTZE GRUPPE GMBH,20
BOLZAN LETTI SRL,27
BOMMA,14
BONALDO SPA,27
BONE SIMPLE,52
BONTEMPI CASA,27
BORDIGNON CAMILLO & C SNC,27
BORGO PITTI SRL,27
BORMIOLI LUIGI SPA,27
BOS1964 SL,45
BOSCA ARREDI,27
BOSCH I RIUS,45
BOSSINI SPA,27
BOTTEGA D ARTE ANTICA,27
BOTTEGA D'ARTE ANTICA,27
BOTTEGANOVE,27
BOVA,27
BOVER,45
BOVICTUS SA,15
BOX DOCCE 2B SPA,27
BPM LIGHTING,45
BRABBU,41
BRALCO SRL,27
BRAND VAN EGMOND,36
BRAND VAN EGMOND BV,36
BRANDONI SPA,27
BRASS & CRYSTAL,45
BREM SRL,27
BRENTAFLEX SNC,27
BRENTAPELLI SPA,27
BREVETTI SRL,27
BRG ILLUMINAZIONE DI BACCETTI&ROSSI SNC,27
BRIANFORM SRL,27
BRIGANTINO SRL LE PORCELLANE,27
BRIGHT CHAIR,52
BRINK & CAMPMAN BV,36
BRINTONS INDUSTRIA LDA,41
BROGIATO & C SAS,27
BROKIS SRO,14
"BRONCEART TORRENT, S.L.",45
BRONCES MESTRE S.A.,45
BRONZE D ART FRANCAIS,19
BRONZE D`ART FRANCAIS,19
BROSSIER SADERNE,19
BROWN SAFE LTD,52
BRU TEXTILES NV,3
BRUCS CASA SL,45
BRUMA SALOTTI SRL,27
BRUMBERG LEUCHTEN GMBH,20
BRUMMEL CUCINE SRL,27
BRUNELLI MOBILI SRL,27
BRUNELLO 1974 SRL,27
BRUNO PIOMBINI SPA,27
BRUNO SRL,27
BRUNO ZAMPA SRL,27
BRV BONETTI RUBINETTERIE VALDUGGIA SRL,27
BRV BONETTI RUBINETTERIE VALDUGGIA SRL,27
BS COLLECTION,27
BS COLLECTION SRL,27
BTC INTERNATIONAL SRL,27
BTR NETCOM GMBH,20
BUBOLA & NAIBO S.R.L.,27
BUBOLA & NAIBO SRL,27
BUCALOSSI NELLO ARREDA,27
BUGATTI,27
BULLBOAT,16
BULLBOAT UK LTD,16
BULTHAUPT MINIMUM EINRICHTER GMBH,20
BUNGEE SUPPLY,52
BURAGLIA SL,45
BURGBAD,20
BURGER KUCHENMOBEL GMBH,20
BUSATTO CLASSIC ITALIAN FURNITURE SRL,27
BUSETTO SRL,27
BUSNELLI ADAMO SRL,27
BUSNELLI SPA,27
BUSSANDRI OSCAR SRL,27
BUSTER AND PUNCH,16
BUZZI SPACE NV,3
BV JALS FUTURES SL,45
BYFLOU,15
BYRON&BYRON LTD,16
Baralan International Spa,27
Bedding Atelier,27
Bright Group,52
C&C di Campigli Remo,27
C&D FABRICS,45
C.BECHSTEIN CENTRUM BERLIN,20
CA D ORO SRL,27
CACCARO,27
CADORE,27
CALAMBOUR SRL,27
CALEIDO SRL,27
CALIA TRADE SPA,27
CALICO WALLPAPER INC,27
CALLIGARIS SPA,27
CALOI SRL,27
CALZEAT & CO LTD,20
CAMBIELLI EDIFRIULI SPA,27
CAMBIELLI SPA,27
CAMELGROUP,27
CAMPANI PACKAGING SRVICE SRL,27
CAMPBELL REY LTD,16
CAMUS COLLECTION,45
CANDELABRO SL,45
CANDIBAMBU ART LDA,41
CANE-LINE AS,15
CANETE,45
CANGINI & TUCCI SRL,27
CANTALUPPI SRL,27
CANTIERO SRL,27
CANTORI SPA,27
CAP DESIGN SPA,27
CAPACCIOLI SRL,27
CAPDELL MOBILIARIO,45
CAPITANI SRL,27
CAPO D OPERA SRL,27
CAPORALI ENZO,27
CAPPELLETTI SRL,27
CAPPELLINI INTAGLI SNC,27
CARABASSI,45
CARABOTA QUATRO SL,45
CARDIFF NV,3
CARLESSO SRL,27
CARLO ASNAGHI STYLE,27
CARLO NOBILI,27
CARLO POLETTI SRL,27
CARMENES,45
CARMENES,45
CARMENTA SRL,27
CARNABY SRL,27
CAROTI & CO. SRL,27
CAROTI SRL,27
CARPANELI,27
CARPANESE HOME,27
CARPI TESSILE SNC,27
CARPYEN SL,45
CARRARO SRL,27
CARRE FURNITURE SA,45
CARVERS' GUILD,52
CASA + 39,27
CASA D ARTE PAOLETTI SRL,27
CASA DEL MOBILE SCAGLIONE SNC,27
CASA DELLO SCAMPOLO,27
CASA FUGIPE,27
CASA MODA,45
CASA VALENTINA SPA,27
CASA ZETA SRL,27
CASA ZETA SRL,27
CASABLANCA GMBH & Co. KG,20
CASABLANCA LEUCHTEN GMBH,20
CASADESUS,45
CASAGLAM SRL,27
CASAGLAM SRL (Billo e Pallina),27
CASAL,19
CASALEGNO TENDAGGI SPA,27
CASALGRANDE PADANA SPA,27
CASALI SRL,27
CASALIS,3
CASAMANCE GROUP,19
CASAMILANO,27
CASANOVA GANDIA SL,45
CASONE GROUP SRL,27
CASPANI TINO GROUP SRL,27
CASSINA,27
CAST IRON BATH COMPANY,16
CASTAGNA CUCINE SRL,27
CASTALDI LIGHTING SPA,27
CASTELLAN MOBILI,27
CASTELLO DEL BARRO,27
CASTIGLIONI,27
CASTILLA RIENDA SL,45
CASTILLA TEXTIL SL,45
CASTRO LIGHTING,41
CATALANO,27
CATELLANI&SMITH,27
CATTELAN ARREDAMENTI,27
CATTELAN ITALIA SPA,27
CAVA SRL,27
CAVEDUKE SL,45
CAVICCHI TESSUTI,27
CAVIO SRL,27
CE PATTBERG GMBH & CO KG,20
CEADESIGN SRL,27
CEBO SRL,27
CEBO SRL,27
CECCARELLI SNC,27
CECCOTTI,27
CELLI SPA,27
CELME SRL,27
CENEDESE,27
CENTER JESOLO LUX,27
CENTRO ACCESSORI SPA,27
CENTRO SERVIZI PROMOZIONALI PER LE IMPRESE -,27
CENTURY FURNITURE,52
CEPPI STYLE,27
CERACCHI ILLUMINAZIONE SPA,27
CERAMIC POLYMER GMBH,20
CERAMICA BRUNO COSTENARO,27
CERAMICA CIELO SPA,27
CERAMICA FONDOVALLE SPA,27
CERAMICA GLOBO SPA,27
CERAMICA GOMEZ,45
"CERAMICA MAYOR,S.A.",45
CERAMICA RONDINE,27
CERAMICA SANTAGOSTINO SPA,27
CERAMICAS APARICI SA,45
CERAMICHE ARTISTICHE FRATELLI LORENZON (SNC),27
CERAMICHE DAL PRA,27
CERAMICHE DUEPI SRL,27
CERAMICHE GARDENIA-ORCHIDEA SPA,27
CERAMICHE GRAZIA,27
CERAMICHE RICCHETTI SPA,27
CERAMICHE S.R.L.,27
CERAMICHE SETTECENTO VALTRESINARO SPA,27
CERAMICHE STELLA,27
CERAMICHE TREA SAS,27
CERAMIVA FLAMINIA SPA,27
CERASA SPA,27
CERCOS,45
CERDOMUS CERAMICHE,27
CERIONI,27
CERIOTTI SRL,27
CESAR ARREDAMENTI SPA,27
CETA DOO,44
CHAARME,27
CHADDER & CO LTD,16
CHANGZHOU GREEN LIGHTING CO LTD,11
CHANGZHOU GREEN LIGHTING MANUFACTURER CO LTD,11
CHARLES,19
CHASE ERWIN,16
CHEHOMA,3
CHELINI FERENZE SRL,27
CHELINI SPA,27
CHELSOM LTD,16
CHESNEY'S,16
CHESTNUT APPAREL INC,16
CHEVALIER EDITION,19
CHI DESIGN ITALIA SRL,27
CHIARA PROVASI,27
CHIARUGI HOME SRL,27
CHIAVEGATO SRL,27
CHIC ANTIQUE,15
CHICCA ORLANDO SRL,27
"CHIMENEAS BARCELONA, S.L.",45
CHRISTIAN FICHBACHER CO AG,47
CHRISTIAN FISHBACHER CO AG,20
CHRISTIAN MEYER SRL,27
CHRISTMAS INSPIRATIONS BV,36
CHRISTOFLE,19
CHRISTOPHER GUY,27
CHRISTOPHER HYDE LTD,16
CIA INTERNATIONAL,27
CIAC EXPORT SRL,27
CIAMBELLA LEGNAMI,27
CICIRIELLO SRL,27
CIEMME SRL,27
CIERRE IMBOTTITI SRL,27
CIFRE CERAMICA,45
CIG SRL,27
CILEK ODASI,50
CINCA COMPANHIA INDUSTRIAL DE CERAMICA SA,41
CINTAS Y PASAMANERIA SA,45
CINTAS Y PASAMANERIA SA,45
CIRCA,52
CIS -Compagnia Italiana Salotti,27
CISCO BROTHERS,52
CITEL SL,45
CIVIC SRL,27
CLARKE&CLARKE,16
CLARTES SRO,14
CLASSIC CUSTOM RUGS LTD,35
CLASSIC LIGHT SRL,27
CLASSIC STYLE,27
CLAUDIA BARBARI,27
CLAYRE & EEF BV,36
CLEI SRL,27
CLERION SPA,27
CLERION SPA,27
CLETO MUNARI,27
CLEVERTECH SPA,27
CLUB HOUSE ITALIA,27
CMDA SRL,27
CMS SPA,27
CO GE FIN SRL,27
COBRA ART COMPANY,36
COCOONS & CO,3
CODITAL,27
COEM SPA,27
COGAN SRL,27
COIM SCV,45
COLAVENE SPA,27
COLECCION ALEXANDRA SL,45
COLEFAX AND FOWLER,16
COLICO DESIGN SRL,27
COLLECTION PIERRE,19
COLOMBINI GROUP SPA,27
COLOMBO DESIGN SPA,27
COLOMBO MOBILI,27
COLOMBOSTILE SPA,27
COLOMSTILE SPA,27
COLONIAL CLUB VALENCIA SL,45
COLONIAL CLUB VSC,45
COLONTORIO MOBILIFICIO D ARTE SAS,27
COLONY SRL,27
COLORSERVICE,27
COLORTEX 1967 SL,45
COLUMBUS,27
COM P AR SRL,27
COMACON,45
COMERCIAL GODEMA SL,45
COMERSAN SA,45
COMPARATO NELLO SRL,27
COMPARLUX GMBH,20
COMPLEMENTOS DEL TIEMPO SL,45
COMPOSIT SRL,27
COMPREX SRL,27
CONCERIA COCCO SRL,27
CONCRETA CUCINE SRL,27
CONFIDEX LOGISTICS UAB,30
CONFORT DINA S.L.,45
CONFORTLINE SRL,27
CONSTANTINI PIETRO SRL,27
CONTARDI LIGHTING SRL,27
CONTE SRL,27
CONTEMPORANEA SRL,27
CONTRACT SERVICE SRL,27
"CONTRADICTIONS, S.L.U.",45
CONTRAL SRL,27
COOPERATIVA CERAMICA D IMOLA SC,27
COPART CUADROS SL,45
COPENLAMP,45
COPLEY SCIENTIFIC LTD,16
COR,20
COR MULDER EXOTICA,20
CORDOBESA DE ILUMINACION S.L.,45
COREN SAS,27
CORITEX,45
CORNELI SRL,27
CORNELIO CAPPELLINI SRL,27
CORNU 1887,19
CORTE ZARI,27
CORTIMOVEIS,41
COSIF,27
COSTA PEREIRA MOBILIARIO,41
COSTANTINI PIETRO SRL,27
COSTERA MOBLES,45
COSY SRL,27
COTTO VENETO GROUP SPA,27
COULEURS & MATIERES,19
COVET GROUP,41
COX LONDON LTD,16
CP MOBILI SAS,27
CPA SRL,27
CPRN HOMOOD,27
CRAFT ASSICATES,52
CRAFT ASSOCIATES FURNITURE,52
CRAZY JUMP,27
CRE ART SRL,27
CREACIONES CORDON SL,45
CREACIONES EUROMODA SL,45
CREACIONES FEJOMI SL,45
CREACIONES NADAL SL,45
CREADORE,45
CREATIONS METAPHORES,19
CREATIVE CABLES,30
CREATIVE LIGHT,20
CREATIVEMARY BY RADIANTDETAIL,41
CREMASCO ILLUMINAZIONE SNC,27
CRIARJO SIGLO XXI S.L.,45
CRILU DI LUCIO CRISTIANA,27
CRIPPA LUMI SRL,27
CRISTAL & BRONZE SAS,19
CRISTAL ET BRONZE SAS,19
CRISTAL MARBRE,19
CRISTALLERIE DE MONTBRONN,19
CRIVELLI SRL,27
CROCE GIOVANNI & FIGLIO SNC,27
CROCE SRL,27
CROSSFIRE SRL,27
CROSSLEE PLC,16
CRUMAR PROJECT,45
CRYSTAL MUSIC COMPANY,36
CRYSTALITE,45
CS CARGO,14
CST SRL,27
CTO lighting,16
CTS PROJECTS SRL,26
CTS SALOTTI SRL,27
CTS SPA,27
CUADROS MANISES,45
CUB-AR,19
CUBO DESIGN SRL,27
CUCINE ZACCARIOTTO SRL,27
CUELLAR,45
CUGINI MARZORATI SNC,27
CULTI SRL,27
CURREY & COMPANY INC,52
CURT BAUER GMBH,20
CUTIPOL FACTORY,41
CV JAYA,24
CVL LUMINAIRE,19
CYG ELECTRONICS,11
Calico Wallpaper,52
Calor Color S.L.,45
Cascos,45
Ceramiche Supergres,27
Cima arredobagno,27
Coco Collection (Ella Elli),27
Covet LDA,41
Creazioni,27
D ANGELI MOBILI SNC,27
D LECHNER GMBH,20
D&O GMBH,20
DABEDAN,45
DADA,27
DALE SILVIO SRL,27
DALL AGNESE SPA,27
DALL'AGNESE S.P.A.,27
DALLA BENETTA LUIGI srl,27
DALLA VALLE GIUSEPPE& C,27
DALLA VALLE ILLUMINAZIONE,27
DANDOU,11
DANFORM,15
DANIEL RUBINETTERIE SPA,27
DANONA,45
DANTI DIVANI,27
DAR LIGHTING LTD,16
DAUM,19
DAVID HUNT,16
DAVID WEEKS STUDIO,52
DAVIDE GROPPI SRL,27
DAVIDSON,16
DAVIL TRAVERTINI SRL,27
DCW ENTERPRISES,1
DE BREUYN MOBEL GMBH,20
DE CASTELI,27
DE CLEER DENNIS,3
DE LA ESPADA,41
DE LAMERIE,16
DE MAJO,27
DE SCHIPPER SLAPEN EN MEER,36
DEA-PEL,27
DEC SRL,27
DECCA FURNITURE APS,19
DECCA HOME FURNITURE,16
DECO DESIGN FURUS,20
DECOBEL srl,27
DECODESK,45
DECOR 215 INC,52
DECOR IN SPA,27
DECOR WALTHER,20
DECORA ITALIA SRL,27
DECORACION EL DORADO,45
DECORARCHER,45
DECORATIVE GRAFTS,16
DECORATUM SP ZOO,40
DECORTEX FIRENZE SRL,27
DEDAR,27
DEDIMORA,27
DEKORA SPA,27
DEKORATIEF BVBA,3
DEL CURTO SRL,27
DEL FOOD COMMERCE,45
DEL TONGO,27
DELIGHTFULL,41
DELIGHTFULL (Secret brands Lda),41
DELIUS,20
DELLA ROVERE,27
DELMONTE SRL,27
DELTA LIGHT,27
DELTA MOSAIC SRL,27
DELTA SALOTTI SRL,27
DEMA E UN MARCHIO DESI SRL,27
DEMIGUEI FURNITURE SL,45
DEMO SRL,27
DENNIS MILLER,52
DESALTO SPA,27
DESIGN BY BESSA,41
DESIGN COLLECTION APS,15
DESIGN ERICK VAN EGERAAT,36
DESIGN FOR HOUSE,27
DESIGNA SRL,27
DESIGNED FOR LIVING SRL,27
DESIGNHEURE SAS,19
DESIGNSOURCE,52
DESIREE DIVANI,27
DESIREE SPA,27
DESISTART GROUP,41
DESSI MOBEL SL,45
DESTINI DECOR,45
DETRA,27
DETRA SRL,27
DETTAGLI FIRENZE SRL,27
DEVID MORAN,27
DEVINA NAIS,27
DEVIVER,19
DEVON & DEVON SPA,27
DEWATARU,24
DFN SRL,27
DI ANSELMI GIUSEPPE & C,27
DI ITALO BOSA SRL,27
DI LAZZARO,27
DI LIDDO & PEREGO SRL,27
DIALMA BROWN,27
DIAMANTE LIGHTING,27
DIBBERN,20
DIBELLA,20
DICA,45
DICK BURGER MEUBELRESTAURATIE,20
DICKSON-CONSTANT SA,19
DIDOMOBILI SL,45
DIEGI SNC,27
DIELLE CERAMICHE SPA,27
DIELLE SPA,27
DIEMME CUCINE SRL,27
DIEMME OFFICE,27
DIERRE SPA,27
DIESIS,27
DIESSE RUBBER HOSES S.P.A.,27
DILZAS,21
DIONTI SL,45
DIRTY LAB SRL,27
DISANO ILLUMINATIONE SPA,27
DISEGNO CERAMICA,27
DISENO Y ESTILO ENTENZA SL,45
DISVALMA SA,45
DITRE ITALIA SPA,27
DITTA BERZOINI GIAN ANTONIO,27
DIURNE,19
DIVA SALON,19
DK HOME BV,36
DL DECOR,27
DLG,30
DLSS LIGHTING CO LTD,11
DM MOBILLI,27
DMITRY & CO,52
DOCA,45
DOFIX DOHLEMANN,20
DOIMO CUCINE SPA,27
DOIMO IDEA SRL,27
DOIMO INTERNATIONAL GROUP SRL,27
DOIMO MATERASSI SRL,27
DOIMO SOFAS SRL,27
DOLCEVITA SRL,27
DOLETA UAB,32
DOLFI SPA,27
DOLZ,45
DOM EDIZIONI,27
DOM ITALIA SRL,27
DOM SRL,27
DOMINGO SALOTTI SRL,27
DOMKAPA,41
DOMOTEX,20
DOMUS MOBILI SRL,27
DON DIEGO,27
DONINI & NICOLINI,27
DORBENA,47
DORELAN,27
DORICA CASTELLI SPA,27
DORNBRACHT,20
DOTZAUER,1
DOUBLEJ SRL,27
DOWNTOWN COMPANY,52
DRAENERT STUDIO GMBH,20
DRIADE SPA,27
DRUMMONDS,16
DUAL GRES SA,45
DUCCIO DI SEGNA,27
DUE EFFE LAMPADARI SAS,27
DUEBI ITALIA,27
DUESPI SRL,27
DUIRNE,19
DUKA SRL,27
DUNE CERAMICA SL,27
DUPEN,45
DUPERTHAL SICHERHEITSTECHNIK GMBH,20
DUPLASH GROUP SL,45
DURALAMP SPA,27
DURALMOND,45
DURANTE ARREDAMENTI,27
DURESTA UPHOLSTERY LTD,7
DURITIA,45
"DURPLASTICS, S.A.",45
DV HOME COLLECTION SRL,27
DV S.R.L.,27
DVO,45
DVS SRL,27
Dielle Ceramiche,27
Diffusion Ceramique,19
Dipl. Ing. Imrich Dantsits CEO,14
"Dongguan Cheery Industry Co., LTD",11
Dutch Walltextile Company,36
E.CO Srl,27
EASTERN ACCENTS,52
EASYFLOOR,45
EBAN SRL,27
EBANART SRL,27
EBANSITERIA BACCI,27
EBB & FLOW ApS,15
EBERLE CONTROLS GMBH,20
ECLAIRAGE ROGER PRADIER,19
ECLISSE SRL,27
ECO CERAMICA,27
ECO ELETTROCOMPONENTS SRL,27
ECO MODAL TRASPORT,27
EDELMAN,36
EDEN DESIGN,3
EDIL MARKET SRL,27
EDILMARMI SRL,27
EDITION BOUGAINVILLE,19
EDITION MODERN,52
EDITION SERGE MOUILLE,20
EDIZIONI ECOMARKET SPA,27
EDMOND PETIT SAS,19
EDMUND BELL,16
EDRA,27
EDUARD,30
EF RETAIL CONCEPT SL,45
EFFE BI DI MANGINI CARCO,27
EFFEDUE,27
EFFEGIBI SRL,27
EFFEPIMARMI,27
EFFEQUATTRO,27
EGELASTA,45
EGGERSMANN KUCHEN,20
EGIDIO LUNARDELLI SRL,27
EGOLUCE SRL,27
EICHHOLTZ BV,36
EJ VICTOR LTD,52
EKO DIVANI SRL,27
EL CASCO,45
EL CID MOBILIARIO,45
EL SIGLO MOBILIARIO,45
ELASTIC CONFORT,45
ELASTRON,45
ELBI SPA,27
ELEAN BUCCO SL,20
ELEGANS HABITAT SL,45
ELEKTRO KAIB SOLARTECHNIK,20
ELITE DECOR S.L.,45
ELITE INTERIOR,27
ELITE SNC,27
ELITIS SAS,27
ELITRON IPM SRL,27
ELLE SALOTTI INTERNATIONAL SRL,27
ELLEDUE ARREDAMENTI SRL,27
ELSTEAD LIGHTING SP ZOO,40
ELUSIO FRANCE,45
EMCO,20
EMECO,27
EMIL CERAMICA,27
EMME PI LIGHT-MASIERO SRL,27
EMMEBI INDUSTRIA MOBILI SRL,27
EMMEMOBILI,27
EMMESTEEL SRL,27
EMONS,20
EMOZIONI ITALIANE SRL,27
ENDUTEX,41
ENEA,45
ENGLISCH DECOR,2
ENGLISH GEORGIAN,16
ENGUITEX,45
ENNE BI SRL,27
ENNE s.r.l.,27
ENNEREV,27
ENTLER,52
ENZO DE GASPARI,27
ENZO DEGLI ANGIUONI,27
EO DENMARK APS,15
EOT SRL,27
EPAFLEX POLYURETHANE SYSTEM,27
EPOCA HOME INTERIOR SL,45
EPOCA LAMPADARI SNC,27
EPOQUE & CO,27
EQUIPO DRT,45
ERBESI,27
ERCO LIGHTING GMBH,20
ERNESTOMEDA SPA,27
ERNST FEILER,20
ERRE ERRE DIFFUSION SRL,27
ERREMME SRL,27
ERTEKS KADİFE TEKSTİL,50
ESEDRA DESIGN SRL,27
ESOPE CONTINENTAL,19
ESQUELETE LIMVAL SL,45
ESSEBITEX,27
ESSEGI AUTOTRANSPORTI,27
ESSEPI IMBOTTITI SRL,27
ESSETRE,27
EST COMPANY SRL,27
ESTEL GROUP SRL,27
ESTELLER FUSTER,45
ESTILUZ SA,45
ESTRO SRL,27
ETISILK SA,45
ETRO SPA,27
ETRURIA DESIGN SRL,27
ETRUSCA SPA,27
ETS L.RECORBET ET FILS,19
EURL TEKNI-LED,2
EURO ENGINEERING CHEMICAL EQUIPMENT SRL,27
EURO LAMP ART SRL,27
EUROACCESSORI SRL,27
EURODESIGN SRL,27
EUROFLOR SA,45
EUROLEGNO MCAB SRL,27
EUROLUCE LAMPADARI SRL,27
EUROMOBILIT SRL,27
EUROMODA SL,45
EUROSEDIA DESIGN SPA,27
EUROSOLE SRL,27
EUROSTILE SRL,27
EUROTECHNICA GmbH,20
EUSAMEX FRANCE SARL,19
EVAET SPECIAL AGENCY NOVARA'S CHAMBER OF COMMERCE,27
EVANYROUSE UNIP LDA,41
EVE,45
EVEREST SRL,27
EWAX,40
EXCELLENCE CONSULTING GROUP,45
EXENIA,27
EXITFABRICS,45
EXPORMIM SA,45
EXPORT MIRANDOLA,27
EXPORT PABLO,45
EXTERIA SRL,27
EXTREMIS,3
EYELA,28
EZCARAY INTERNATIONAL,45
Ediba S.r.l.,27
Elan Atelier,52
Elk Lighting,52
Elton KFT,22
Established & Sons Warehouse,16
Ewax Sp.j.,40
F.DESIGN,27
F.FERREIRA DA SILVA LDA,41
F.LLI DI BALLABIO ANGELO,27
F.LLI ALLIEVI SNC,27
F.LLI BIANCHINI SRL,27
F.LLI Basile INTERIORS srl (HEBANON),27
F.LLI CAPANNI SNC,27
F.LLI CARPANI SNC,27
F.LLI CITTERIO,27
F.LLI CONFORTI,27
F.LLI CONSONNI,27
F.LLI LONGONI SAS,27
F.LLI PIERMARIA SRL,27
F.LLI PIETRELLI SRL,27
F.LLI PISTOLESI SNC,27
F.LLI Ugosett,27
FA BI CA SRL,27
FA&MI,27
FABBIAN,27
FABEMI GROUP SAS,19
FABER MOBILI SRL,27
FABIO,27
FAC GB SRL,27
FAGUERLAMP,27
FAHR INDUSTRIES LTD,16
FAIRTEX SRL,20
FAL SNC,27
FALA,27
FALA DI SERGIO MARCHETTI SRL,27
FALB GROUP SRL,27
FALEGNAMI ITALIA,27
FALEGNAMI ITALY SPA,27
FALMA ITALIA INTERIORS s.r.l.,27
FALPER,19
FAMA,45
FAMBUENA,45
FAME GALLERY,47
FAMEG,40
FANCY SA,3
FANFANI ANDREA SRL,27
FANTINEX SRL,27
FAP CERAMICHE,27
FAR EAST FURNITURE,39
FARO BARSELONA,45
FASEM INTERNATIONAL SRL,27
FASHION TEX,27
FASS LUCE,27
FAST SPA,27
FAUSTIG SRL,27
FBAI SAS,27
FCH IDEA,45
FDV GROUP SPA,27
FEADA,27
FEEK BV,36
FELIS S.R.L.,27
FELIX ITALIA SRL,27
FELIX SAS,19
FENALL,27
FENDI,27
FENICE DESIGN,27
FENSTER,20
FERNANDO CERDA BLANES,45
FERPUIG SL,45
FERRARI ADRIANO SNC,27
FERREROLEGNO SPA,27
FERRETTI E FERRETTI,27
FERRIASANOVA SL,45
FERRO,20
FERROLUCE SRL,27
FEST,36
FEST AMSTERDAM,36
FH DAVIS,40
FHS HOLZTECHIK GMBH,20
FHS HOLZTECHNIK GMBH,20
FIAM SRL,27
FIAMBERTI SRL,27
FIGLI DI ISACCO AGOSTONI,27
FIGUERAS INTER SEATING,45
FILIPPO UECHER,27
FILMAR SRL,27
FIM SRL,27
FIM UMBRELLAS,27
FIMA,27
FIMAR SRL,27
FIMES SAS,27
FINARTE SRL,27
FINE ART LAMPS,52
FINI COP,27
FINK COLLECTOIN,20
FIONA McDONALD,16
FIR ITALIA SPA,27
FL FASHION LRH UNIPERSONALE,27
FLAB,27
FLAG STONE GMBH,20
FLAI,27
FLAM & LUCE,41
FLAMANT,40
FLAMCO,27
FLAVIKER,27
FLEMING HOWLAND,16
FLESSYA SRL,27
FLEX SRL,27
FLEXA 4 DREAMS AS,15
FLEXFORM SPA,27
FLEXSTYLE,27
FLEXTEAM,27
FLLI CONSONNI SNC,27
FLLI SANGIORGIO SRL,27
FLORA SRL,27
FLORENCE ART DI MARINI BRUNO SR,27
FLORENCE COLLECTIONS,27
FLORENCE COLLECTIONS,27
FLORENZ LAMP,27
FLORIAN GABRIELE,27
FLORIAN PARCHETTI SRL,27
FLORIM CERAMICHE SPA,27
FLOS,27
FLOU SPA,27
FM BOTTEGA D’ARTE SRL,27
FM GRU SRL,27
FM ILUMINACION,45
FMF SRL,27
FMG SHAPES SRL,27
FOA SRL,27
FOAMIZADOS CASTELLANOS,45
FONDERIA,27
FONTANA ARTE,27
FONTINI,45
FOPPAPEDRETTI,27
FOREST GROUP NEDERLAND BV,36
FORESTI HOME COLLECTION GROUP,27
FORESTIER,19
FORMANI HOLLAND BV,36
FORMER IN ITALIA SRL,27
FORMER INDUSTRIA PER L'ARREDAMENTO SPA,27
FORMITALIA,27
FORNI MOBILI SRL,27
FORUM II (NAZARENKO EVGENY),27
FOSCARINI SPA,27
FOSHAN DOB FURNITURE CO LTD,11
FOSHAN PLAIN FURNITURE CO LTD,11
FOSHAN XINQING FURNITURE CO LTD,11
FOSNOVA,27
FOURSTEEL,41
FRAG,27
FRAJUMAR,45
FRAMO,27
FRANCESCO MOLON,27
FRANCESCO PASI SRL,27
FRANCISCO SEGARRA,45
"FRANCISCO SEGARRA INTERNACIONAL,S.L.U.",45
FRANCO BERTOZZINI,27
FRANCO FERRI,27
FRANCO FURNITURE,45
FRANCO PECCHIOLI SRL,27
FRANK LANDAU,20
FRANZ FERTIG,20
FRANZ NUESING GMBH,20
FRARI SRL,27
FRATELLI CONFORTI SRL,27
FRATELLI LONGHI SRL,27
FRATELLI MIRANDOLA SAS,27
FRATELLI RADICE,27
FRATEZI LDA,41
FRATO,45
FRAUFLEX,27
FREIFRAU,20
FREIFRAU GMBH,20
FREIFRAU GMBH,20
FRESAND GMBH,20
FREVINI STUDIO,32
FREZZA ARREDAMENTI SRL,27
FREZZA SPA,27
FRIGERIO POLTRONE E DIVANI SRL,27
FRIGHETTO MOBILI SRL,27
FRILLI GALLERY,27
FRISON RENZO,27
FRITZ HANSEN,15
FRIUL SEDIE SUD SRL,27
FRIUL SEDIE SUD SRL,27
FRIULIMPORT SRL,27
FROCA SL,45
FURNITURE & DESIGNS VALENCIA 2013 SL,45
FURNITURELAND SOUTH INC,52
FURNWARE LTD,37
FURSTENBERG GMBH,20
FUTURA SRL,27
FX SIMULATION LTD,16
FÜRSTENBERG GmbH,20
G MOSCATELLI SPA,27
G&C INTERIORS,16
G&C INTERIORS AS,15
G&D ARREDAMENTI SPA,27
G&G Italia,27
G. STAMATOPOULOS & CO EE,21
G.LAMADRID,45
G.T.DESIGN srl,27
GABBIANI,27
GABER SRL,27
GABRIELE COLOMBO,27
GAIA SRL,27
GALASSIA S.p.A.,27
GALERIE 54 SARL,19
GALERIE DIURNE,19
GALERIE KANEM,19
GALERIE MCDE,19
GALERIE NEGROPONTES,19
GALERIE VOLEVATCH SA,19
GALERY BSL,19
GALIMBERTI LINO SNC,27
GALIMBERTI NINO,27
GALLO DI GALLO,27
GALLO WOOD SRL,27
GALON,45
GALOPIN PARQUES,45
GALOTTI & RADICE SRL,27
GAMADECOR,45
GAMAMOBEL,45
GAMBINI GROUP S.p.A.,27
GAMINTER,45
GAMMA ARREDAMENTI,27
GANDIA BLASCO,45
GANTES 1944 SL,45
GANZERT GMBH,20
GARPA,20
GASPARINI MATERASSI,27
GASSA -V SL,45
GASTON Y DANIELA,45
GATTO SPA,27
GB GRUP,45
GB LIGHTING LTD,16
GEDA SRL,27
GEMINI PADANA,27
GENERAL FITTINGS SPA,27
GENESIS SRL,27
GENESIS SRL 2,27
GENESIS/MINDY BROWNES,16
GENOVEVA SA,45
GENTRY HOME SRL,27
GENUS MOBILI SRL,27
GEOTEX SRL,27
GERD BILLERBECK GMBH,2
GERD BILLERBECK GMBH,2
GERVASONI SPA,27
GESAB,45
GESSI SPA,27
GESTRAL SL,45
GETEX LENZ,20
GHEKIERE INDUSTRIES,3
GHIDINI LIGHTING SRL,27
GHIDINI PIETRO BOSCO SPA,27
GHINES GROUP,27
GHIZZI&BENATTI,27
GIARDINI SPA,27
GIBER SRL,27
GIEMME STILE SPA,27
GIEMMEGI CUCINE,27
GIEN,20
GIGACER SPA,27
GIMO EXPORT GROUP,27
GINGER AND BROWN,19
GINGER BROWN,19
GIOBAGNARA,27
GIOPATO & COOMBES STUDIO SRL,27
GIORGETTI SPA,27
GIORGIO CASA SA,27
GIORGIO COLLECTION,27
GIORGIO PIOTTO SRL,27
GIOVANETTI MOBILI SRL,27
GIOVANNI VISENTIN SRL,27
GIULIACASA SRL,27
GIULIO MARELLI ITALIA SPA,27
GIULIO TANINI S.p.a,27
GIUNICO SRL,27
GIUSTI PORTOS SRL,27
GIVANS FONDI,27
GLAMORA,27
GLAS ITALIA,27
GLASHUTTE LIMBURG,20
GLASS AND GLASS MURANO,27
GLASS AND GLASS MURANO SRL,27
GLASS DECOR,45
GLASSCRAFT EXPORT,23
GLEN SAXON TEXTILE GMBH,20
GLOBAL SOFAS SL,45
GLOBAL TRADE,45
GLOBAL VIEWS INC,52
GLOBEXTRADE SRL,27
GNOATO FRATELLI SRL,27
GOG,11
GOLD ART CERAMICA SPA,27
GOLDBACH,20
GOLDCONFORT SRL,27
GONZALEZ LLADO SA,45
GONZALO FERRI,45
GOODWILL,3
GORY CUCINE,27
GOTZ,27
GP & JB BAKER,16
GR DI GIACONI E RAPONI SRL,27
GRADUS,16
GRAFF SRL,27
GRAND OPEN GROUP LTD,11
GRANDEARREDO ITALIA SRL,27
GRANDUCATO ARREDI SRL,27
GRANGE SA,19
GRANITI FIANDRE SPA,27
GRANTI FIANDRE SPA,27
GRANTI FIANDRE SPA,27
GRASSOLER,45
GRECO GRES,45
GREEN APPLE,41
GREEN SRL,27
GREENAREA,45
GREENGATE EUROPE AS,15
GREGORI SRL,27
GREINER SPA,27
GRENS CARGO UAB,32
GRES ARAGON,45
GRESMANK SL,45
GRESTEC TILES LTD,16
GRIFERIAS MAIER SL,45
GRIFFONI VITORIO SRL,27
GRIFONI SILVANO SRL,27
GRILLI SRL,27
GRINARD ATLANTA,27
GROEL SA,45
GROSS RIMINI,27
GROSS SRL,27
GROSSMANN,20
GRUPO DESCANSO 2012 SL,45
GRUPO FORMA 5 SL,45
GRUPO SEYS SL,45
GRUPO T DIFFUSION SA,45
GRUPPO CERAMICHE GAMBARELLI SPA,27
GRUPPO FOX SRL,27
GRUPPO GEROMIN,27
GRUPPO ROMARI SPA,27
GRUPPO SPAR HOLDING SPA,27
GRUPPO TARRINI SRL,27
GRUPPO TEMAS V SA,45
GRUPPO TRE S SPA,27
GSG CERAMIC DESIGN SRL,27
GUADARTE SA,45
GUANG ZHOU SHIZUAN TAI ZHAN JIA YOU XIAN GONG SL,11
GUBI AS,15
GULATI OVERSEAS,23
GUMARCRIS,20
GUSTAV GERSTER GMBH,20
GUTH AND WOLF GMBH,20
GUZZI EUGENIO,27
GUZZINI E FONTANA,27
GUZZINI E FONTANA,27
GVJ DESIGN,20
GeD ARREDAMENTI,27
"Guangzhou Ruibo Plastic&Hardware Co.,Ltd",11
H-07 SRL,27
HABITA & DECORA EMPORDA,45
HABITANDO ALCALA SL,45
HACKER KUECHEN,20
HAJDUK,40
HALLEY,27
HALO ASIA LIMITED,36
HAMERTON INC,52
HANBEL,45
HANGZHOU HAOFENG IMPORT EXPORT CO LTD,11
HAREM SRL TESSUTI&TENDAGGI,27
HARLEQUIN GROUP,16
HARLEQUIN WALLPAPERS,16
HARTMAN,36
HATT – DE FONTES,41
HAVILAND LIMOGES,19
HAYWOODS TRIMMINGS,16
HCP,41
HDA LIVINS SL,45
HDM INTERIORS,27
HEATHFIELD CO,16
HELLMANN WORLWIDE LOGISTIC SPA,27
HEMMERS ITEX,20
HENGE SPA,27
HENGE SRL,27
HENRY BERTRAND LTD,16
HENRY GLASS SRL,27
HERAUD RUBANS SAS,19
HERBOVITAL2 SRL,27
HERMES SA,19
HERVE VAN DER STRAETEN,19
HICKORY CHAIR FURNITURE CO,52
HIDRA,27
HIDROCAS,45
HIJOS DE ANTONIO FERRE,45
HIJOS DE CECILIO VALGANON SL,45
HIMOLLA POLSTERMOBEL GMBH,20
HIND RABII SRL,3
HINDMAN AUCTIONS,52
HINDUSTAN HOUSE,3
HINES&OXFORD,16
HISBALIT,45
HISPANO TEX SA,45
HMD INTERIORS,41
HN8 SCHWARZWALD SCHLAFSYSTEME GMBH,20
HOFF INTERIEUR GMBH,20
HOFFMAN MINT,52
HOHMANN,20
HOHMANN GMBH CO,20
HOLLAND & SHERRY LTD,16
HOLLANDER,20
HOLLY HUNT FURNITURE,52
HOLZ WORLD,20
HOME 24,20
HOME CONCEPT,41
HOME DOME SRL,27
HOME SPIRIT,19
HOME SRL,27
HOMELIGHTING,21
HOMES SPA,27
HONEYWELL,20
HOOKER FURNITURE,52
HORM & ORIZZONTI SRL,27
HORUS COLLECTIONS LDA,41
HOTEL DE PRONY,19
HOTEL HYATT REGENCY KOLN,20
HOULES,19
HOUSE & YACHT SRL,27
HOUSE OF JAGDAR LIMITED,49
HOUSE OF JUB GMBH,20
HOUSE OF PORTERS,3
HOWELL ENERGY CO LTD,11
HOYWOODS,52
HUBBARDON FORGE,52
HUDSON VALLEY THE LIGHTING GROUP,52
HUEPPE GMBH,20
HULSTA,20
HUNTER&HYLAND,16
HURTADO MUEBLES,45
HUYGHE & STADSBADER BVBA,3
HVL GROUP INTERNATIONAL BV,36
I 4 MARIANI SPA,27
I 4 MARIANI SPA,27
I BIAGI,27
I VETRI DI NIVES,27
IB LAURSEN APS,15
IB RUBINETTERIE SPA,27
IC DESIGNS SRL,27
ICF & WELCO SPA,27
ICMA SPA,27
ICONE SRL,27
ICOS SRL,27
IDEAL LUX,27
IDEAL TEX,27
IDEALSEDIA SRL,27
IDEALSERRADAMENTI E PORTE,27
IDEALTEX di LORENZO GIRONI,27
IDEE PER ARREDO SRL,27
IDEX Health & Science GmbH Ismatec,20
IDK ITALIA SRL,27
IDL EXPORT SRL,27
IDP,27
IDRA,27
IFC & WELKO SPA,27
IFT IDEAL FORM TEAM SRL,27
IFT INTERNATIONAL FURNISHING,27
IFURNATURE,24
IGUZZINI ILLUMINAZIONE SPA,27
IKA-WERKE,20
IL BRONZI D ARTE RENATO MASCARO SNC,27
IL FILO DEL SOGNI,27
IL LOFT SPA,27
IL PARALUME MARINA SNC,27
IL PEZZO MANCANTE,27
IL TEMPO DEL SRL,27
ILAS SRL,27
ILFARI,36
ILLIONAIRE SOCIETY,41
ILLUMINATI LIGHTING,27
ILLUMINAZIONE ARREDAMENTI BANCI FIRENZE SRL,27
ILLUMINAZIONE D`ARTE SNC,27
ILUMINACION AJP,45
ILUMISA,45
IMA MOBILI,27
IMA SPA,27
IMAB GROUP,27
IMAMA SRL,27
IMAS SNC,27
IMASOTO,45
IMATEX SPA,27
IMECSA CB,45
IMIT CONTROL SYSTEM SRL,27
IMPATIA SRL,27
IMPERIAL LINE SRL,27
INALCO SA,45
INBANI DESIGN SL,45
INCANTO AUCTION HOUSE AND GALLERY,27
INCAS,27
INCLASS MOBLES SL,45
INCO CHIC,27
INDEFORM S.L.,45
INDES FUGGERHAUS,20
INDIA MAHDAVI,19
INDIKON SRL,27
INDUSTRIA CONCIIARIA EUROPA,27
INDUSTRIA EMILIANA PARATI SPA,27
INDUSTRIA PARQUET FABRIANO SRL,27
INDUSTRIAS BITEX,45
INDUSTRIAS JOSPER SL,45
INDUSTRIAS MOVA SA,45
INDUSTRIE CERAMICHE PIEMME SPA,27
INDUSTRIE EMILIANA PARATI,27
INDUSTRIE MECCANICHE BUSSETO SRL,27
INDUSTRIE RICREATIVE SRL,27
INDUSTRIE TOSCANINI SRL,27
INDUSTRIES MURTRA SA,45
INEDITO SRL,27
INGO MAURER GMBH,20
INKIOSTRO BIANCO,27
INNOVATIONS,52
INPRO CORPORATION,52
INSTYLE GROUP INC,52
INTER COM OU,17
INTER KOMM SRL,27
INTERACTION DESTORTION MIRRORS,36
INTERCON,27
INTERCON di Larisa Gudova,27
INTERLUBKE,20
INTERMARFE S.L.U.,45
INTERNATIONAL HEATHCARE SUPPLY CO LTD,49
INTERNI D INSIEME SAS,27
INTERSTIL,20
INTERSTYLE SAS,27
INTERTECHNO,1
INTESIS SOFTWARE SLU,45
INTRA,44
INWESTMEBLE PI,40
INWESTMEBLE PI,40
IP INDUSTRIE,27
IPE SRL,27
IRI.S srl,27
IRIS CRISTAL SA,45
IRRITEC SPA,27
IRSAP SPA,27
ISABELLA COSTANTINI,27
ISAICO SNC,27
ISSARCH SRL,27
ISTO VILNUS,32
ISTOBAL MANUFACTURING SPAIN SLU,45
ITAL-RESINA DI TALIA ANGELO,27
ITALAMP,27
ITALDISIGN,27
ITALEXPORT,27
ITALGARANT,27
ITALIAN CLASSIC FURNITURE SRL,27
ITALIAN STOCK FASHION,27
ITALIANA BORDI SPA,27
ITALIMPEX,27
ITALPROGRAM PLUS SRL,27
ITERCOM SRL,27
ITOH DENKI,19
IVANELSI EXPORT,45
IVM SPA,27
IVORIMATEX,45
IVR SPA,27
IVV,27
Idesigned Limited,27
InterСom Group OÜ,17
JA RAYMAKER'S & CO BV,36
JAB ANSTOETZ,20
JAB ANSTOETZ FURNITURE,20
JAB Teppich,20
JACUZZI EUROPE SPA,27
JAGA,3
JAGO SRL,27
JAKOB DIETZ TEXTILHANDEL,20
JAMES BRINDLEY,16
JAMES HARE LTD,16
JAMES MALONE FABRICS,45
JAMES MALONE FABRICS SA,45
JANA KITCHEN,27
JANSEN FURNITURE,36
JANT DESIGNO,45
JANUA,20
JANUSET CIE,27
JAP TEPPICH,20
JARDINICO PARASOLS,3
JASNO SHUTTERS BV,36
JATEXMA,45
JAYSO,45
JD PRODUCTION,19
JDCR MOBILIARIO LDA,45
JEAN DE MERRY,52
JESSE SPA,27
JESURUM SRL,27
JETCLASS,41
JH SILK,16
JHEJIANG XINGWEI OFFICE FURNITURE,11
JIANGSU XINHEYUAN PLASTIC DAYLY CHEMICAL CO LTD,11
JIM DICKENS,16
JJP,45
JJP MUEBLES SA,45
JLC,41
JMC,41
JNL SA,36
JOANNA BUCHANAN LLC,52
JOEL ORGIAZZI,19
JOENFA SL,45
JOH SPRINZ,20
JOHN POMP,52
JOHN RICHARD DESIGN,52
JOHNSTONS,16
JOHNSTONS,16
JOHNSTONS OF ELGIN,16
JOIN SRL,27
JOLIPA,3
JOLLY ROGER (Amusement Rides) LTD,16
JONATHAN BROWN STUDIOS INC,52
JONIOSTAR SRLS,27
JOQUER,45
JOQUER,45
JORGER GMBH,20
JORI,3
JOSE COBOS JIMENEZ,45
JOSE LEITE DE CASTRO,45
JOSE MARTINEZ MEDINA SA,45
JOSEPH JEUP,52
JOTJOT UAB,32
JOVER,45
JOVIMART,19
JOYPE SL,45
JUAN BOLUDA,45
JUAN CAMPOS,45
JUAN JUAN MASSAGUER SL,45
JUBO HANDELSGESELLSCHAFT MBH,20
JUDECO,3
JUDY SELECTION BV,3
JUITE ART,45
JULES PANSU,19
JULIA ARREDAMENTI SPA,27
JULIA GROUP,45
JULIAN CHICHESTER LTD,16
JULIE R EXLEY LDA,52
JUMBO COLLECTION,27
JUMBO GROUP SRL,27
JURDINICO BVBA,3
JWELU,36
Jane Puylagarde,19
Jinan Hengsheng New Building Materials,11
K-LIGHTENING,41
KAAL INTERNATIONAL SRL,27
KAEMING GMBH,20
KAEMINK GMBH,20
KAHEKU SCHONES WOHNEN GMBH,20
KAIA LIGHTING,16
KAISER&KUHNE,20
KAMELOT AUCTIONS,52
KANABA - PATROCINIO GARCIA SL,45
KAPPA LUCE SRL,27
KARAT KITCHEN SRL,27
KARBOX,27
KARE 24,20
KAREN SWAMI,19
KARIBIAN,45
KARNABI,20
KAROL,27
KARPA,41
KARTELL SPA,27
KASSON PETROV MOSKVA,42
KASTEL,27
KASTHALL HQ,46
KAYOOM GMBH,20
KENDO MOBILIARIO SL,45
KENNETHCOBONPUE GMBH,20
KEOMA SALOTTI,27
KER-AV SRL,27
KERAM AFFINITY SLU,45
KERASOL,45
KERKUS HOME S.L.,45
KERLIFE CERAMICAS SL,45
KETTAL SA,45
KETTNAKER GMBH,20
KEUCO GMBH,20
KEYITALIA,27
KGC-SERVICE,27
KICO SRL,27
KIMBERLY DENMAN,52
KIMBERLY DENMAN,52
KINDEL FURNITURE,52
KINEMATICA AG,47
KINGS WORLWIDE,23
KLAB (KAPPA) DESIGN,27
KLASS PROYECT,45
KLOBE CLASSIC,45
KLOBER GMBH,20
KLOPP INTERNATIONAL,52
KMG EUROPE BV,36
KNF NEUBERGER GMBH,20
KNOLL INTERNATIONAL SPA,27
KNV,45
KODAMA DESIGN SL,45
KOH-I-NOOR AS,14
KOH-I-NOR DISTRIBUTION SL,45
KOINOR,20
KOKET,41
KOLARZ GMBH,2
KOLOVRAT CM SRO,14
KOO INTERNATIONAL,45
KOOKU,40
KOSE SRL,27
KOSE SRL,27
KOSLEX PTY LTD,1
KPM BERLIN GmbH,20
KRASS UND WISSING GMBH,20
KRASZNAI,45
KREON,20
KRESOS SRL,27
KRISKA DECOR,45
KRISTEN GIORGI LLC,52
KROLL ART&PROJECTS CMBH,20
KRUSS GmbH,20
KS Verlichting,36
KT EXCLUSIVE GMBH,20
KUATRE,45
KUNDALINI SRL,27
KURLAEV PAVEL (GLOBAL TRADE),45
KUTEK MOOD,40
KVADRAT,20
Kauffmann,2
L ANTICA DERUTA SNC,27
L AUTENICO MOBILE VENETO SRL,27
L&L LUCE&LIGHT SRL,27
L' ARTE NEL PARQUET SRL,27
L' OTTOCENTO,27
L'AMBIENTE,27
L'AMBIENTE SRL,27
L'ARTE POVERA DI DOLFI FRANCO SAS,27
L'ARTIGIANA SNC,27
L'OBJET,19
L'OOBJET IOM LTD,19
"L-OBJET IOM, Ltd",19
LA ALPUJARRENA,45
LA CARTUJA,45
LA CONTESSINA,27
LA EBANISTERIA,45
LA FABBRICA DEL VERDE SRL,27
LA FABBRICA SPA,27
LA FIBULE,19
LA GRAMA SL,45
LA LAMPADA SRL,27
LA MARECHALERIE,19
LA MURRINA,27
LA PALMA MOBILI,27
LA PRIMAVERA SAS,27
LA VECCHIA ARTE srl,27
LABER MADE IN ITALY SRL,27
LABOR LEGNO 90 SPA,27
LABORATORIES FILORGA SAS,19
LABORATORIO PARAVICINI,27
LABRAZEL,52
LABYRINTHE INTERIORS SARL,19
LAGO MOBILI,27
LAGO SPA,27
LAGRAMA SL,45
LALIQUE SA,19
LALU SRL,27
LAM SRL,27
LAM32 EXPERIENCE SRL,27
LAMART,27
LAMBIENTE SRL,27
LAMINAM SPA,27
LAMM SRL,27
LAMP DI VOLPATO PATRIZIA,27
LAMP INTERNATIONAL SRL,27
LAMP SAU,45
LAMPADARIO,45
LAMPE SRL,27
LAMPOLET SRL,27
LAN MOBEL S COOP,45
LAND PORCELANICO SL,45
LANDA ILLUMINOTECNICA SPA,27
LANDO SRL,27
LANIFICIO CIONI,27
LANTAL,20
LANTIC COLONIAL SA,45
LAPALMA,27
LARETER SPA,27
LAS MOBILI SRL,27
LASA IDEA SPA,27
LASA MARMO SRL,27
LASKASAS,41
LASVIT SRO,27
LATIFOGLIA,27
LATIFOGLIA SRL,27
LAUDARTE SRL,27
LAURAMERONI SRL,27
LAURITZ.COM,15
LAVAI SAS,27
LAWSON-FENNING SHOP,52
LAZER GMBH,20
LCD TEXTILES,3
LE CLASSIQUE,27
LE COMFORT SRL,27
LE FABLIERr S.p.A.,27
LE FALEGNAMI,27
LE IMPRONTE SRL,27
LE PORCELLANE,27
LEA CERAMICA,27
LEA CERAMICHE,27
LEADER SRL,27
LECOMFORT LTD,27
LED BCN,45
LEDS GROK,45
LEDS-C4 SA,45
LEE BROOM,16
LEGER SPEDITION WACKLER,20
LEGNO VETRO,27
LEGNOBAGNO SRL,27
LEGNOFORM SRL,27
LEICHT KUCHEN AG,20
LELIEVRE,19
LEMA SPA,27
LENZ LABORGLAS GMBH,20
LEOLUX GLOBAL BV,36
LEONARDO RAOYAL HOTEL KOLN,20
LEONI CERAMICHE D'ARTE SRL,27
LES ANDRE,27
LES HERITIERS,19
LES LUMINARIES DE SERGE MOUILLE,19
LES PASSEMENTERIES DE L'LLI DE FRANCE,19
LESS-N-MORE GMBH,20
LETIZIA BRESCI,27
LETY,27
LEUCOS SPA,27
LEVANTEX,45
LEVANTINA SA,45
LEXINGTONE HOME BRANDS,51
LICHHAUS MOSCH GMBH,20
LICHT IM RAUM,20
LIFETIME,15
LIGHT 4 SRL,27
LIGHT HOME,45
LIGHT IDEAS INTERNATIONAL LTD,16
LIGHT LUX SPAIN SL,45
LIGHTON SRL,27
LIGHTS PROJECTS,45
LIGNE ROSET,27
LIMARIS,20
LIMARIS,20
LIMITED EDITION,3
LIMITED EDITION s.p.r.l.,3
LIMONTA SPA,27
LIMPALUX,20
LIMVAL SL,45
LINDER,19
LINDSEY ADELMAN STUDIO,52
LINE GIAN.SER. SAS,27
LINEA B,27
LINEA DUE SRL,27
LINEA LIGHT SRL,27
LINEA TRE SRL,27
LINEA VERDACE BVBA,36
LINEA VETRO SRL,27
LINEAS TALLER,45
LINVISIBILE BY PORTARREDO SRL,27
LITES BY DESIGN,45
LITHOS SRL,27
LITTER SRL,27
LITVINOVA ELENA DI,27
LIVING DIVANI S.R.L.,27
LIZ O'BRIEN,52
LIZZO,45
LLADRO COMERCIAL,45
LLASS SL,45
LO RO TEX SNC,27
LOBSTER'S DAY,45
LOBSTER'S DAY,45
LOBSTER'S DAY,45
LOCAM SRL,27
LOCUS MUEBLES,45
LODES,27
LOGIC TRANS,27
LOIUDUCE POLTRONE & SOFA SRL,27
LOLA GLAMOUR SA,45
LOM LTD,41
LOMAR SRL,27
LONGHI SRL,27
LOOM ITALIA,27
LOPEZ PIGUEIRES SA,45
LORDFLEX'S,27
LORDFLEX'S SRL,27
LORDFLEX'S SRL,27
LORDFLEXS SRL,27
LOREFAR SL,45
LORIGINE HOME ELEGANS SRL,27
LORIS ZANCA,27
LORO PIANA SPA,27
LOSBU SOFAS,45
LOTTI IMPORTEX SRL,27
LOTTOCENTO,27
LOTTOCENTO SRL,27
LOUISE POULSEN LIGHTING AS,15
LOUISE ROE,15
LOUISE ROE APS,15
LOVATO SPA,27
LOVE TIFFANI,27
LOVE TILES-GRES PANARIA,41
LUALDI PORTE,27
LUBE CUCINE SRL,27
LUBIEX SRL,27
LUCART SPA,27
LUCENTE,27
LUCFAIN DESIGN SC,45
LUCI ITALIANE SRL,27
LUCIANO LASTRUCCI SRL,27
LUCIANO ZONTA SRL,27
LUCIENNE MONIQUE,27
LUCIENNE MONIQUE DI KAREN LENZ,27
LUCIFERO'S SRL,27
LUDOVICA MASCHERONI,27
LUG LIGHT FACTORY SP ZOO,40
LUIGI SARTORI,27
LUILOR SPA,27
LUIS ZAPATA MORENO Y OTROS,45
LUIZ SANCHES DIEZ,45
LUKE IRWIN RUGS LTD,16
LUKE LAMP,52
LUM GMBH,20
LUM' ART,19
LUMEN ARTE,27
LUMIERE EXCLUSIVE COLLECTION,36
LUNARDELI EGIDIO SRL,27
LUXAL GMBH,20
LUXCAMBRA,45
LUXIONA,45
LUZ DIFUSIÓN,45
LUZIO,45
LUZISSIMO DESIGNLEUCHTEN,20
LVX,27
LYLE UNLIMITED CORPORATION,52
LYONS CUCINE SRL,27
LYONTEX SRL,27
LZF-LAMPS,45
Los Leones de la Madera,45
Luciano Amato,27
M&Z RUBINETTERIE SPA,27
MAB,41
MACMILLAN,16
MACROFIBRA SL,45
MACROLUX SRL,27
MADE IN ITALY,27
MADELINE WEINRIB,52
MAEBO INTERNATIONAL SRL,27
MAECHETTO PELLAAMI,27
MAESTRI ARTIGIANI SRL,27
MAGAZZINI MERSERIE,27
MAGAZZINO AMBIENTA SRL,27
MAGGI MASSIMO,27
MAGGI MASSIMO,27
MAGNABOSCO,27
MAIMEX,27
MAINZU SL,45
MAIOR CUCINE SPA,27
MAISON CLAIRE,27
MAISON DU MONDE,19
MAISTRI,27
MAITLAND SMITH,52
MAKO TEXTIL SL,45
MAKRO SRL,27
MALAVASI F.LLI SRL,27
MALERBA SRL,27
MALETTI SPA,27
"MALLORQUIMICA, S.A.",45
MAMBO FACTORY LDA,41
MAMMA MIA RIDES,27
MAMOLI,27
MANGNI LGPORCELLANE SRL,27
MANIE SRL,27
MANIFATTURA CASTIGLIONI SPA,27
MANTELLASSI 1926 SRL,27
MANUEL LARRAGA,45
MANUFACTUR FRANCAISE DES TEXTILES D'AMEUMBLIENT,19
MANUTTI,3
MAP,27
MAPISA CERAMICA,45
MAR,27
MARAC SRL,27
MARAZZI GROUP,27
MARCACCIO SRL,27
MARCHE MALASSIS (JUSTINE),19
MARCHETTI SPA,27
MARCHI GROUP,27
MARCHIOL SPA,27
MARCONCINI STILE SRL,27
MARDEGAN LEGNO SRL,27
MARECK LICHTTECHNIEK BV,36
MARENZO ALTO DESIGN SL,45
MARFE,45
MARGAROLLI SRL,27
MARGES CERAMICA,41
MARGRAF SPA,27
MARIAELENA BENETTI SRL,27
MARIE DAAGE,19
MARINA MOBLES,45
MARINER SAS,45
MARIO BONGIO SRL,27
MARIO CAVELLI SPA,27
MARIO GALIMBERTI,27
MARIO LUCA,27
MARIO PIRES,27
MARIONI SRL,27
MARKA INDUSTRIA MOBILI SPA,27
MARLO SRL,27
MARMI GHIRARDI,27
MARMI GHIRARDI SRL,27
MARMI REGINA,27
MARMOELETTRO,27
MARMOLES CAMAR,45
MARMOLES SANTA CATOLINA SL,45
MARMOTEX SRL,27
MAROESKA METZ BV,36
MARONESE INTERNATIONAL SPA,27
MARS & MORE BV,36
MARSET ILUMINACION SA,45
MARTINEZ Y ORTS SA,45
MARTINI MOBILI,27
MARTINI SPA,27
MARUTX,45
MARVIC TEXTILES LTD,16
MARZAL,45
MARZORATTI SRL,27
MARZOTTO LAB SRL,27
MASALGUEIRO,41
MASCA SRL,27
MASCAGNI SPA,27
MASCHERONI SRL,27
MASERVICE,27
MASIERO LUXURY SRL,27
MASOAL CORP,20
MASSMI ILLUMINACION,45
MASTER PROFILI SRL,27
MASTRO RAPHAEL S.r.l,27
MASTROTTO ITALIA AUTOMOTIVE,27
MAT-FLOR COMINGB,19
MATEL,27
MATERIA LDESIGN GROUP,19
MATERIAL DESIGN GROUP SAS,19
MATHIEU LUSTRIERE,19
MATHY BY BOLS SA,3
MATISSE,19
MAURER SYSTEMTREPPEN GMBH,20
MAX FURS,27
MAXDIVANI SPA,27
MAXIMA STUDIO GMBH,20
MAZALLI (CC TAPIS RUGS),27
MAZZALI SRL,27
MAZZANTI SNC,27
MAZZEGA1946 srl,27
MAZZITELLI SRL,27
MAZZUCCATO SAS,27
MB SEDIE SRL,27
MB SPA,27
MD HOUSE,27
MD MOBLES SL,45
MDD OFFICE FURNITURE,40
MDM MAISON DELLOUE MAISON SARL,19
MEANDR BV,36
MEB,27
MEBEL INTERIOR DESIGN,42
MEBEL VALENCIA SPAIN,45
MECCANICHE SRL,27
MECHINI SRL,27
MEDEA SRL,27
MEDICAL TECHNOLOGIES LBI UAB,32
MEDVEDKOVO M,42
MEF,27
MEGABED,20
MEGAROS SRL,27
MEI,45
MELJAC,19
MELOGRANOBLUE SRL,27
MEMMERT,20
MENCONI PARQUET,27
MENICONI SPA,27
MENINA DESIGN LDA,41
MER SAS,27
MERCANTINI MOBILI SPA,27
MERCE BARNINI OSEO,27
MERCE VALDERAMOBILI,27
MERCUTY SCIENTIFIC INC,52
MERIDIANI S.R.L.,27
MERIDIANI SAS,27
MERIDIEN LIGHTING COMPANY,52
MERIDIEN MARKETING,52
MERLIN LIENZOS IMPRESOS SL,45
MERONI & COLZANI,27
MERONI FRANCESCO E FIGLI SNC,27
MERVE LUXSTONE MADENCILIK LIMITED SIRKETI,50
MESTRE STYLE SLU,45
META DESIGN SRL,27
METAL LUX SNC,27
METALARTE,45
METAMORFOSI SRL,27
METAPHORES SRL,27
METEORA SRL,27
METRON,50
METZ CONNECT GMBH,20
MEUBLES BERTRAND ENTREPOTS,27
MEUROP SA,19
MEYER,27
MEYRICK INTERNATIONAL,16
MEZZALUNA,27
MFTA,19
MFUK Design & Furniture Ltd,16
MG INTERNATIONAL SRL,27
MGR SRL,27
MIA ITALIA SRL,27
MIAZZO ELITE ITALIA SRL,27
MIAZZO ELITE ITALIA SRL,27
MICHAEL ANASTASSIADES LIGHTING,16
MICHAEL PRANDTL,20
MICMA TEX,27
MICOR SRO,14
MIDA FURNITURE SAS,27
MIDJ SRL,27
MIGANI SRL,27
MIKE ANTIQUES,3
MILAN ILUMINACION,27
MILANO BEDDING,27
MILANOBEDDING KOVER SRL,27
MILANTUR,27
MILLDUE,27
MINACCIOLO SPA,27
MINGOU MINXING WEAVING CO LTD,11
MINIFORMS SRL,27
MINIMUM EINRICHTEN GMBH,20
MINOTTI COLLEZIONI SRL,27
MINOTTI LUIGI & BENIGNO SNC,27
MINOTTI SPA,27
MIRA,27
MIRABILI,27
MIRAGE GRANITO CERAMICO SPA,27
MIRGROUP S.r.L.,27
MIROGLIO TEXTILE,27
MIS EN DEMEURE SPAIN,45
MISSANA TAPICERIAS,45
MISSONI HOME,27
MISTER KEBAB,45
MISURA EMME,27
MISURA EMME SPA,27
MISURA I SALOTTI,27
MISURA I SALOTTI,27
MITO 1964 SRL,27
MITSA,45
MITTEL SRL,27
MITTELICHT GMBH,20
MLE SRL,27
MM LAMPADARI SRL,27
MMM GMBH,20
MO WA DI MONTI & C SNC,27
MOBALPA KUCHEN,20
MOBEL HUBNER,20
MOBEL INHOFER,20
MOBENIA,45
MOBI CENIA SL,45
MOBIFLEX,10
MOBIL DERI,27
MOBIL DERI SRL,27
MOBIL FRESNO SL,45
MOBIL S.r.l.,27
MOBIL SPA,27
MOBILE SCAGLIONE SNC,27
MOBILEGNO CUCINE SPA,27
MOBILFLEX,10
MOBILFORM SRL,27
MOBILGAM SPA,27
MOBILI AVENANTI,27
MOBILI BERTELE SAS,27
MOBILI D ANGELI,27
MOBILI DI CASTELLO SRL,27
MOBILI VENETI PERINI SRL,27
MOBILIARIO ROYO,45
MOBILIBERICA,45
MOBILIFICIO BELLUTTI DI CODOGNOLA A.M.,27
MOBILIFICIO DAL CIN SRL,27
MOBILIFICIO FRATELLI CENEDESE SRL,27
MOBILIFICIO MARIO VILLANOVA & C SRL,27
MOBILIFICIO SAN GIACOMO SRL,27
MOBILIFICIO SANTA LUCIA SPA,27
MOBILIFICIO TRE CI SRL,27
MOBILNUOVA,27
MOBILPIU SRL,27
MOBILSEDIA 2000 SRL,27
MOBILSPAZIO CONTRACT SRL,27
MOBILSTELLA SRL,27
MOBILTREVI,27
MOBITHEM,45
MOBLES 114,45
MOBLESA - GRAN MOBLE SL,45
MOBLIBERICA,45
MODA CUCINA SRL,27
MODA MANIA,27
MODACASA ARREDAMENTO TESSILE,27
MODACOLLECTION SRL,27
MODENESE GASTONE GROUP SRL,27
MODUL FRANCE,19
MODULA SRL,27
MODULNOVA,27
MOGG SRL,27
MOHD,27
MOISSONNIER SAS,27
MOLETTA & CO SRL,27
MOLL FUNKTIONSMOBEL GMBH,20
MOLLER DESIGN,20
MOLS BOHEMIA,14
MOLTENI & C SPA,27
MOLTO LUCE GMBH,2
MOMENTI CASA,27
MON-JOCS INDUSTRIES,45
MONICA ALLEGRO SRL,27
MONOPOLE LAB SL,45
MONPAR Srl,27
MONPAS,45
MONRABAL CHIRIVELLA SL,45
MONTBEL SRL,27
MONTERO CREACIONES ARTISTICAS SL,45
MONTI MUESTRA,45
MONTRESOR & C SRL,27
MOON SRL,27
MOOOI BV,36
MORASUTTI SRL,27
MORELATO SRL,27
MORELLI SAS,27
MORELLO GIANLUCA SRL,27
MORELLO GIANPAOLO,27
MORETTI COMPACT SPA,27
MORETTI SPA,27
MORETTI SRL,27
MORFEUS SPA,27
MOROSO SPA,27
MOSAIC DEL SUR,45
MOSAICO+ SRL,27
MOTTURA SPA,27
MOYCOR VIC SL,45
MOZZO GIORGIO SRL,27
MOZZO GIORGIO SRL (Giorgiocasa),27
MP COLLECTION SRL,27
MP2 ROMA SRL,27
MPA HANDELS,20
MPWEB SRL,27
MR PETR SIPEK,40
MR.BROWN LONDON,52
MT FRANCO MARTIN,27
MTA Internationale Spedition GmbH,20
MTI,52
MUEBLES ARASANZ SA,45
MUEBLES BALLESTER,45
MUEBLES CANELLA SL,45
MUEBLES EBANO,45
MUEBLES FOMENTO,45
MUEBLES HAY SARL,19
MUEBLES LINO SL,45
MUEBLES LOVAL SCL,45
MUEBLES MARTINEZ SL,45
MUEBLES MESEGUE SA,45
MUEBLES PEREZ BENAU SL,45
MUEBLES PICO SA,45
MUEBLES VERGE,45
MUGALI,45
MUHAMMAD SHAFI TANNERIES LTD,38
MULTIFORME SAS,27
MUNICCHI CUCINE SRL,27
"MUPROGEST YECLA, S.L.U",45
MURANO DUE,27
MUSICBOXWORLD,20
MUST SPAIN,45
MUT MECCANICA TOVO SPA,27
MW DESIGN UAB,32
MY HOME COLLECTION SRL,27
MY HOME COLLECTIONS SRL,27
MYB TEXTILES,16
MYOC,45
MZ DI ZANETTI E RUINI SNC,27
Manufactura Industrial Azulejera,45
Marine Business S.A.U.,45
Markus Spieth (частное лицо),20
Mazalli srl,27
Metallgießerei Oswald Mewes,20
Migua Fugensysteme GmbH & Co. KG,20
Mobifilicio Fratelli Cenedese SRL,27
N & G SRL,27
NANI MARQUINA SL,45
NAPOL ARREDAMENTI SPA,27
NAPOLEON,27
NASONMORETTI SRL,27
NASU 303 SLU,45
"NATUCER, S.L.",45
"NATURAL FABRICS, S.L.",45
NATZZI EDITIONS,27
NEA ITALIA SRL,27
NECTAR LIVING HOME SL,45
NEFF LIVING,52
NEMO SRL,27
NEOBRONCE,45
NEOCRAFT,20
NEOFORM SRL,27
NERI SPA,27
NERIWOOD SRL,27
NERVILAMP,27
NEUTEX HOME DECO GMBH,20
NEVERSEEN PRODUCTIONS LDA,41
NEW COLONY SRL,27
NEW DESIGN PORTE SRL,27
NEW FACTUM (Botteganova),42
NEW HOME SRL,27
NEW STOCK,27
NEW TRADE,27
NEW TREND CONCEPT SRL,27
NEWAVE USV SYSTEME GMBH,20
NEWFORM,27
NEXIA,45
NEXT HOME COLLECTION,20
NEXT SRL,27
NEXTCOR SRO,14
NEXTIME BENELUX BV,36
NGOC MINH CO LTD,54
NIAKOM OY,18
NICE FABRICS SL,45
NICOLAZZI SPA,27
NICOLETTI HOME / INCOCHIC SRLS,27
NICOLINE SALOTTI SRL,27
NIERI DIVANI,27
NOAKKO DI AHMANDO NOACCO,27
NOBILIA WERKE,20
NOBILIS SA,19
NODEKO,20
NODUS,27
NOKEN DESIGN SA,45
NOLLE,20
NOMON FACTORY,45
NORR11,15
NOUVA VITALI CUCINE,27
NOVA CUCINA SPA,27
NOVA MOBILTRE,27
NOVABELL S.P.A.,27
NOVABELL S.P.A.,27
NOVABELL S.P.A.,27
NOVAMOBILI SPA,27
NOVARESI SRL,27
NOVARREDA SRL,27
NOVECENTO MOBILIARIO,45
NOVELIS,27
NOVELLINI SpA,27
NOVELLO SRL,27
NOVOCERAM,19
NOW CARPETS,45
NTZ Internationale Spedition GmbH,20
NUAR INTERIORS SL,45
NUBE snc - Paola,27
NUOVA GARBO PRESS,27
NUOVA LINEA,27
NUOVA VETRERIA RESANES SRL,27
NUOVA VITALI CUCINE SRL,27
NUOVOCORSO SPA,27
NUPI INDUSTRIE ITALIANE SPA,27
NURUS,50
NUURA,15
NYA NORDISKA,20
O&G Home & Contract furniture,27
OAK INDUSTRIA ARREDAMENTI SPA,27
OASIS SRL,27
OBJECT INSOLITE,19
OBRAS Y SERVICIOS ARESTON SL,45
OCHRE,16
OCMI-OTG SPA,27
OE INTERNATIONAL,45
OF INTERNI,27
OFFICINA CIANI,27
OFFICINA D`ESSAI SRL,45
OFFICINA LUCE,27
OFFICINE FACCO & C SPA,27
OFFICINE GULLO SRL,27
OFIFRAN SL,45
OIKOS SRL,27
OL.VA FILATI DI HUTEVYCH VALERIY,27
OL.VA FILATI DI HYTEVYCH VALERIY,27
OLDLINE SRL,27
OLE BY FM,45
OLE! by FM ILLUMINATIONS SL,45
OLGAPOL ENTERPRISE,45
OLIGO LICHTTECNIK GMBH,20
OLIVER TREUTLEIN GMBH,20
OLIVIERI SRL,27
OLMETEX SPA,27
OLUCE S.R..L.,27
OMA SRL,27
OMELETTE,45
OMES NEW PARK SRL,27
OMET SRL,27
OMP PORRO SPA,27
OMP PORRO SRL,27
OMRES ET FACETTES,19
OMS,43
ONDARRETA,45
ONDARRETA MESAS Y SILLAS SL,45
ONELEC S.L,45
ONEWORLDTRADING,16
ONIRO GROUP S.R.L.,27
ONIX CERAMICA SL,45
ONLIWOOD,27
ONOK LIGHTING,45
ONOK LIGHTING SA,45
OPLA,19
OPLA DISTRIBUTION,27
OPPIARELLI,27
OR ILLUMINAZIONE SRL,27
ORANGE LOGISTICS LLC,52
ORIGGI SALOTTI,27
ORIGGI SRL,27
ORIGINA BOOK SRL,27
ORIGINAL GROUP,30
ORION LEUCHTENFABRIK,2
ORMASER,27
ORSITALIA,27
OSAGO,20
OSBORNE & LITTLE,16
OSBORNE LIMITED,16
OSNA-TRANS,20
OSTER - DIE MOBELKOLLEKTION GMBH,20
OT Oliver Treutlein GMBH,20
OTECH SRL,27
OTY SRL,27
OUT OF THE BLUE KG,20
OUT OF THE DARK GROUP OY,18
OUVRONS LA PARENTHESE,19
OVERLOOK BUSINESS ATELIE,45
OZZIO DESIGN,27
Overgaard & Dyrman,15
P&G CUGINI LANZANI,27
PABLO REY BAUTISTA,45
PACINI CAPPELIINI SPA,27
PACO CARDEL,45
PAGANELLI SRL,27
PAGODA International n.v.,3
PALAZZANI SRL,27
PALE ILLUMINACION,45
PALMIERO SRL,27
PALOMBELLA,27
PAMESA CERAMICA SL,45
PAMONO GMBH,20
PAN AMUSEMENT AUSTERLANDS MILL,16
PAN INTERNATIONAL SRL,27
PANAMAR,45
PANARIA CERAMICA SRL,27
PANAZ,16
PANZERI CARLO SRL,27
PAOLO CASTELLI,27
PAOLO LUCCHETTA & C SNC,27
PAOLO VILLA DI GERALDINE VILLA,27
PARACHILNA,45
PARCHETTIFICIO UDERZO SRL,27
PARKER KNOLL UPHOLSTERY LTD,16
PARKER+FARR,16
PARQUES Y JARDINES FABREGAS SA,45
PARRI - BRF SRL,27
PARTNER ITALY DI ZVANKO DMITRY,27
PASQUALETTI HOME DECOR SNC,27
PASQUALI FRANCESCO,27
PASSAMANERIA,27
PASSERI INTERNATIONAL SRL,27
PASSIONE CASA,27
PASTORELLI SPA,27
PATAVIUMART SRL,27
PATINAS LIGHING,22
PATRIZIA GARGANTI SRL,27
PATRIZIA VOLPATO SNC,27
PATTBERG GmbH,20
PAULIN PAULIN PAULIN LTD,19
PAULINE H,27
PAULMANN,20
PAULOANTUNES,41
PBL DI BOVA PIERO & C SNC,27
PEACOCK HOME,52
PEACOCK MANUFACTURING CO,52
PECASO WEN HANG GROUP LLC,52
PEDINI SPA,27
PEDRALI SPA,27
PEDRET LIGHTING,45
PEDRO ORTIZ,45
PEHA ELEKTRO GMBH,20
PELLEGATTA SNC,27
PELLIZZARI MARMI E GRANITI SRL,27
PENTA LIGHT SRL,27
PENTAFORM SRL,27
PENTAGONO RUBINETERIE,27
PENTAMOBILI SRL,27
PEPE CABRERA,45
PEPE PENALVER,45
PERCUSSION PLAY LTD,16
PERENNIALS,52
PERFEZIONE,30
PERONDA CERAMICAS,45
PESCAROLLO SRL,27
PETER HUBER,20
PETRA ANTIQUA,27
PETRACER,27
PETRACER'S CERAMICS,27
PEYGRAN,45
PH COLLECTION,3
PHILIP WATTS,16
PHILLIP JEFFRIES,52
PI EMME SAS,27
PI GRECCO (NATUZZI),27
PIANCA,27
PIEL,45
PIEMY GROUP,27
PIERO REDAELLI & C SNC,27
PIERRE COLLECTION,19
PIERRE FREY (ENTREPOT),19
PIERRE ROCLE SAS,19
PIETER ADAM,36
PIETRE SANTAFIORA SRL,27
PIETRO RUSSO DESIGN,27
PIGOLI SALOTTI,27
PIJAR SUKMA,24
PINBALL NATIONS,52
PINETTI,27
PINOTTI ROBERTO,27
PINTI INOX SPA,27
PISSANO CERAMICA S.L.,45
PISSANO CERAMICA SL,45
PLAISANCE,41
PLANLICHT GMBH,2
PLASMADECOR,45
PLASTITALIA SPA,27
PLATEK,27
PLATINUM,36
PLAYPARC,20
PLEBANI SRL,27
PLM SRL,27
PLOUCQUET GMBH,20
PLURICOM SRL,27
PM4 MOBILI SRL,27
PMP FURNITURE BV,36
POESIA,27
POGGENPOHL,20
POINT SL,45
POLARIS DESIGNED FOR LIVING SRL,27
POLARIS SAS,27
POLIFORM SPA,27
POLITEX ITALIA SRL,27
POLIURETANOS RIVAS SA,45
POLO GROUP SRL,27
POLS POTTEN,36
POLTROMOT 1974,27
POLTRONA FRAU SPA,27
POLTRONE E DIVANI SRL,27
POLYMAN MATERIALS TECHNOLOGY,11
PONCE BERGA,52
POOL,19
POPE SCIENTIFIC INC,52
PORADA ARREDI SRL,27
PORCEL,41
PORCELAINES DESHOULIERES,19
PORCELAINES JACQUES PERGAY,39
PORCELANAS DEL MARE NOSTRUM SA,45
PORTA LATINA FURNITURE SL,45
PORTA ROMANA,16
PORTA&BINI RUBINETTERIE SRL,27
PORTEINDOOR,27
PORZELLANMANUFAKTUR REICHENBACH GMBH,20
POSSONI ILLUMINAZIONE,27
POTOCCO SPA,27
POTTERY BARN TEEN,52
POTTERYBARN,52
POUENAT,19
POWELL&BONELL,10
POZZOLI GROUP SRL,27
POZZOLi SRL,27
PRADDY SLU,41
PRADDY UNIPESSOAL LDA,41
PRAGOTECNA SPA,27
PRANDINA,27
PREARO COLLEZIONE LUCE SRL,27
PRECIOSA LIGHTING,14
PREGNO SRL,27
PREMEX REACTOR AG,47
PREMIUM ALLIANZ GMBH,20
PREMIUMWERRK GMBH,20
PRES BLOCK SPA,27
PRESOTTO INDUSTRIE MOBILI SPA,27
PRESTIGE SRL,27
PRESTIGIOUS TEXTILES LTD,16
PRESTON BUSINESS UNITED INC,14
PRIANERA,27
PRIMARTE SL,45
PRIME PEDAL KARTS,52
PRIMUS,20
PRIVATE LABEL LDA,41
PRIVATE PERSON (GERMANY),20
PRIVATE PERSON (ITALY),27
PRIVATE PERSON (SPAIN),45
PRO BO EXPRESS SNC,27
"PRO-FAB, S.L.",45
PRODUZIONE PRIVATA,20
PROFILTEK SPAIN SA,45
PROFIN,18
PROFORMA DISENO SL,45
PROGEA,27
PROGEA INTERNATIONAL LTD,27
PROGETTI,45
PROGETTO DESIGN INTERNATIONAL S.R.L.,27
PROGRESS PROFILES SPA,27
PROLICHT GMBH,2
PROVASI SRL,27
PROVEEDOR PRIVADO,45
PT SKYLINE JAKARTA,24
PT SKYLINE JAYA,24
PT SKYLINE SURABAYA,24
PTMD COLLECTION,36
PUERTAS ALPUJARRA,45
PUGI.RG,27
PUJOL ILUMINACION,45
PULITOR SRL,27
PUNT SL,45
PUNTOTRE SRL,27
PUREDESIGN SRL,27
PYTON SLU,45
Patina by Codital Srl,27
Pedro Alejandro Budia Cabeza,45
Pinger,11
Plaspack Netze Gmbh,20
QEEBOO MILANO SRL,27
QUADRIFOGLIO SISTEMI D'ARREDO SPA,27
QUAGLIOTTI SPA,27
QUAINT&QUALITY,45
QUALIKO SRL,27
QUARTET SRL,27
QUARTIGLIA SPA,27
QUASAR HOLLAND,36
QUINETTE GALLAY RENAISSANCE,19
QUINTI SEDUTE SRL,27
QUORUM SRL,27
QWORLD SRL,27
Qingdao Vland (KDN) Biotech Group,11
R&S INTERIOR DESIGN,45
R&Y Augousti,19
R-LIGHT GmbH,20
R. ERRE SRL - Romagnoli Porte,27
RA MOBILI,27
RAB SL,27
RACCORDERIE METALLICHE SPA,27
RADIANTDETAIL SA,41
RADICE SNC,27
RADIUS,20
RAFA-KIDS,36
RAFAEL CATALA,45
RAFFIN 1976 SRL,27
RAFSOL,45
RAINATO SAS,27
RALPH LAUREN CORPORATION,52
RALPH LAURENT,52
RALPH PUCCI INC,52
RAM INTERNATIONAL,27
RAMPOLDI CREATIONS,27
RARE STONES SL,45
RASCH TEXTIL,20
RASTAL,20
RATTAN WOODESIGN SRL,27
RATTI GROUP SPA,27
RAVASI SALOTTI,27
RBB & CO,27
RDV,27
RE DELLA CARTA EK,20
REAL SETA,27
RECASENS SA,45
RECORD CUCINE SRL,27
REDECO,27
REFLECTION COPENHAGEN,15
REFLEX SPA,27
REGIA SRL,27
REGINA DESIGN SRL,27
REGIONE CALABRIA DIPARTIMENTO TURISMO,27
REIG MARTI SA,45
RELAX & LIVING,27
RENATO PIRALLA SRL,27
RENAU TRANSPORTADORS SL,45
RENAUD REGNIER,19
RENE HERAUD,19
RENZO DEL VENTISETTE,27
RENZO ROMANGNOLI,27
RES SRL,27
RESOURCE DECOR LTD,16
RESS,20
RESTART FIRENZE SRL,27
RESTARTMILANO SR,27
RESTORATION HARDWARE,52
REVIGLASS,45
REXA,27
REXA DESIGN,27
RHO MOBILI D'EPOCA,27
RI FRA MOBILI SRL,27
RI FRA MOBILI SRL,27
RICA I PONS,45
RICAMIFICIO F.LLI TESTA SNC,27
RICAMIFICIO FRATELLI TESTA,27
RICCARDO RIVOLI DESIGN,27
RICCI CERAMICHE SRL,27
RICHARD BRENDON LTD,16
RICHARD TAYLOR DESIGN,52
RICHMOND INTERIORS BV,36
RIGARLAMP SL,45
RIGHETTO,27
RIGOSALOTTI SRL,27
RIMADESIO SPA,27
RIMALUZ,45
RINO GREGGIO ARGENTERIE SPA,27
RIOMA SA,45
RIPERLAMP ILUMINACION,45
RIVA 1920,27
RIVA MOBILI D’ARTE SRL,27
RIVAS POLIURETANOS,45
RIVATELIER SRL,27
RIVIERE,27
RIVOLTA ARREDAMENTI SRL,27
RIVOLTA CARMIGNANI S.p.A.,27
RMD,45
ROBBE&BERKING,20
ROBERS-LEUCHTEN GMBH,20
ROBERT MOBLES SELECCIO SL,45
ROBERTI RATTAN,27
ROBERTO GIOVANNINI SRL,27
ROCHE BOBOLS,20
ROGU / DEO / MARDU,45
ROLAND SCHMIDT DESIGN GMBH,20
ROLF BENZ AG,20
ROLL&HILL,52
ROMAN NELLO DI BOCCA R & ROMAN D & C SAS,27
ROMAN NELLO SAS,27
ROMO LTD,16
ROOM SRL,27
RORY DOBNER LTD,16
ROS SRL,27
ROSA GRES,27
ROSATI LORENZO,27
ROSENTHAL GMBH,20
ROSHES BOBOIS,19
ROSSETTO ARREDAMENTI S.r.l.,27
ROSSI & LERSA SRL,27
ROSSI DI ALBIZZATE,27
ROSTIROLLA,27
ROTALIANA,27
ROTPUNKT KUCHEN GMBH,20
ROUSSELET ROBATEL KROMATON,19
ROWE FURNITURE,52
ROYAL BOTANIA NV,36
ROYAL GLASS BOHEMIA 1905 SRO,14
ROZZONI MOBILI SRL,27
RS BARSELONA,45
RUBELLI SPA,27
RUBINETTERIA BUGNATESE SRL,27
RUBINETTERIA GIULINI GIOVANNI SRL,27
RUBINETTERIA MALGORANI PIETRO SRL,27
RUBINETTERIE 3M,27
RUBINETTERIE F.LLI FRATTINI SPA,27
RUBINETTERIE RITMONIO SRL,27
RUBINETTERIE STELLA SPA,27
RUBINETTERIE TOSCANE PONSI SPA,27
RUCKSTUHL AG,47
RUDIANA INTERIONRS,27
RUGIANO INTERIORS DECORATION SRL,27
RUTHER & EINENKEL KG,20
RUTPERFIL,45
RV ASTLEY,16
Royal Christmas BV,36
S ANRI NAKATANI DI CLASSE London,16
S GRAMAGE HOGAR,45
S&M,19
S+S REGELTECHNIK GMBH,20
SA STOF,19
SABA ITALIA SRL,27
SABER SRL,27
SABRI OZEL TEKSTILE,50
SACHSENKUCHEN GMBH,20
SAER ELETTROPOMPE SPA,27
SAF Wärmetechnik GmbH,20
SAFFRON BEDS SRO,43
SAHCO,20
SAHRAI SRL,27
SAINT GOBAIN,19
SALDA ARREDAMENTI SRL,27
SALES WATTMAN EUROPE BV,36
SALIGRAM LLC,52
SALMA FURNITURE,41
SALVETTI SRL,27
SALVILAMP SL,45
SALVIONI SPA,27
SAMA & LOGISTICA SRL,27
SAMBONET PADERNO INDUSTIE SPA,27
SAMO SPA,27
SAMSARA SRL,27
SAMUEL AND SONS,16
SAN MARCO SRL,27
SANBRI,19
SANCAL DISENO SL,45
SANDERSON,16
SANGIACOMO,27
SANITOSCO GROUP,27
SANKRIN WORLD SL,45
SANLIGHT DI CASAROTTO,27
SANRIDES,27
SANS SOUCI LTD,14
SANTA & COLE,45
SANTA MARGHERITA SPA,27
SANTAROSSA SPA,27
SANTO TOMAS SA,45
SANYCCES,45
SAONCELLA CLAUDIO E FIGLI SRL,27
SARA TESSUTI,27
SAROGLIA & TAVERNA SRL,27
SARRI ARTE CERAMICA,27
SARRI SRL,27
SAT EXPORT SAS,27
SATI GROUP TEXTIL SA,45
SAVIO FIRMINO,27
SAVOY HOUSE EUROPE SL,45
SB INTERNATIONAL AB,46
SB2A SAS,47
SBABO CUCINE,27
SBS - HARMONIE DU LOGIS,27
SCAB GIARDINO SPA,27
SCAGLIONI SRL,27
SCAMOSCERIA ASTICO SPA,27
SCANDINAVIAN WALL GROUP AB,46
SCANDOLA MOBILI SRL,27
SCAPPINI & C SRL,27
SCAVOLINI SPA,27
SCHAFER,20
SCHINDLER FALTWANDE,20
SCHOLZ MOBELSPEDITION GMBH,20
SCHONBEK,27
SCHRAMM WERKSTATTEN GMBH,20
SCHULLER SL,45
SCHWARZWALD HN8,20
SCIC SPA,27
SCOLARO MARIO & FABIO SRL,27
SCP ONE,27
SCRIGNO,27
SDANDA ENERGY SAVING ILLUMINATION CO,11
SDEM 27 SL,45
SDR CERAMICHE SRL,27
SEA SKY EXPORTS PVT LTD,23
SECRET BRANDS LDA (ESSENTIAL HOME),41
SECRETLAB UK LTD,16
SEDIT SRL,27
SEDNA ARTE,27
SEDUTA D'ARTE SRL,27
SEKERS FABRICS LTD,27
SELA GROUP SRL,27
SELECTRA SPA,27
SELENCY AUCTION,27
SELETTI SPA,27
SELEZIONI DOMUS SRL,27
SELF STYLE SRL,27
SELLEX,45
SELUX GMBH,20
SELVA SPA,27
SELVA SRL,27
SEMINOLE FURNITURE,52
SENDLER SEATS,16
SENK POHISTVO DOO,44
SENTAL EXPORT GMBH,20
SERAX,3
SERDANELI,19
SERENISSIMA SRL,27
SERGE LESAGE,19
SERIEN LIGHTNG,20
SERIP,45
SERMA,45
SERVALI PESCARA SNC,27
SETTECENTO,27
SEVEN SALOTTI SPA,27
SEVEN SEDIE,27
SEZZATINI FRANCO SRL,27
SFORZIN ILLUMINAZIONE,27
SGM SUOLFICIO,27
SHAHINA EXPORTS,23
SHANGHAI CHANGYUAN ELECTRONIC LTD,11
SHAOXING BOLAN HOME TEXTILE,11
SHAOXING LUHE TEXTILE CO LTD,11
SHENSHENG BIOTECH CO LTD,11
SHERI JOHNSON LDA,52
SHINE HOME INC,52
SHISHI,17
SHOW GAMES PRODUCTION,27
SIA EUROPENIAN KITCHEN SYSTEM,30
SIA VMP FABRICS,30
SICIS SRL,27
SIDOGRAS SA,45
SIEDLE,20
SIEMATIC,20
SIGMA L2,27
SIGNATURE,19
SIGNORINI & COCO,27
SIKA DESIGN AS,15
SIKA DESIGN AS,15
SILENT GLISS FABRICS,1
SILENT GLISS GMBH,20
SILIK SPA,27
SILLERIAS ALACUAS SA,45
SILOMA,27
SILVANO GRIFONI,27
SILVELOX EUROPE SPA,27
SILVERA,36
SILVERPLAT SRL,27
SIMAS,27
SIME VIGNUDA SPA,27
SIMIONI ARREDAMENTI srl,27
SIMON&SCHELLE,20
SIMPSON FURNITURE,16
SIMTA SPA,27
SINTESI SPA,27
SIPLAN IBERICA SL,45
SIRIO TENDAGGI S.R.L.,27
SIRIUS HOME AS,15
SIRTEK SRL,27
SIRU SRL,27
"SISTEMAS BAMO, S.L.",45
SIT SPA,27
SITAB,27
SITAP,27
SITECO,20
SITLAND SPA,27
SIWA,27
SJB,27
SKANDI SISUSTUS OU,17
SKLO STUDIO SRO,14
SKYLINE DESIGN S.L.,45
SKYLINE DESIGN SP ZOO,40
SLAMP SPA,27
SLIDE,27
SLOTS NV,3
SLV GMBH,20
SLV LIGHTING INC,52
SM DIVANI,27
SMA MOBILI SPA,27
SMANIA INDUSTRIA ITALIANA MOBILI SPA,27
SMARTPLAYHOUSE,45
SMIAM SALOTTI SNC,27
SNAIDERO RINO SPA,27
SO F TER SPA,27
SO.VE.T SRL,27
SOCCI,27
SOFAMEL,45
SOFFIERIA SESTESE SRL,27
SOFIA CASHMERE LLC,52
SOFIA CASHMERE LLC,16
SOFTHOUSE,27
SOFTLINE,27
SOGNI DI CRISTALLO,27
SOHER SA,45
SOLI BATH,45
SOLOMANDO,45
SONEGO,42
SONEGO s.r.l.,27
SONEPAR,27
SONIA,45
SONONO GMBH,20
SORDON MAURO,27
SORDON MAURO,27
SORMANI,27
SOTEXPRO,19
SOVOS SA,19
SP01 DESIGN,44
SPAIN LUXURY AGENCY,45
SPANDAUER VELOURS GMBH,20
SPANISH DESIGN,45
SPAR CUCINE,27
SPATRA SERVIZI SRL,27
SPAZIA,45
SPAZIO,27
SPECCHIERE CARLI,27
SPECIALS,36
SPEKTRUM RAUMDECOR GMBH,20
SPINALIS,44
SPINELLI VINCENZO,27
SPINI SRL,27
SPOTTI,27
SR RUBINETTERIE SRL,27
STABILITY SYMBOL DESIGN LDA,41
STANDARDTEXTILE,20
STARK SRL,27
STEEL TIME SPA,27
STELLA DEL MOBILE SRL,27
STEMAFIL,27
STF FORMIFICIO,27
STIL DECOR FLORENCE,27
STIL LUX ILLUMINAZIONE SRL,27
STIL SALOTTI,27
STILE ELISA,27
STILEMA SRL,27
STILEX SRL,27
STILEXPORT SAS,27
STILI D'ARTE LAMPADARI SPA,27
STILL srl,27
STILOLINEA,27
STILOLINEA SRL,27
STILOTEX,45
STIP INTERNATIONAL SRL,27
STOCK YARN ITALY SRL,27
STOCK YARN ITALY SRL,27
STOCK YARN ITALY SRL,27
STOCKS TEXTILES BARCELONA,45
STOF,19
STONES LIKE STONES GMBH,20
STOSA CUCINE SPA,27
STS INTERNATIONAL GMBH,20
STUA,45
STUCCO RENACIMIENTO,45
STUDIO BECKER,20
STUDIO D’INTERNI SRL,27
STUDIO ITALIA DESIGN,27
STUDIO MACURA,36
STUDIO VALENTIN LOELLMANN BV,20
STUDIO VERTU EUROPE,27
STUDIOART SRL,27
STYLE CRAFT HOME COLLECTION,52
STYLE LIBRERY,16
STYLE LIBRERY,16
STYLETEX,27
SUARDI ARREDAMENTI SRL,27
SUDBROCK GMBH,20
SUEDMETALL,20
SUNFLEX ALUMINIUMSYSTEME GMBH,20
SUNLIGHT,27
SUNTEX S.R.L.,27
SUOLIFICIO MORROVALLESE,27
SURCANAPE SPA,27
SURYA INC,27
SVAD DONDI SPA,27
SVET TKANI,27
SWAL SARL,19
SWAN ITALIA,27
SWAROVSKI AG,31
SYLCOM,27
SYMPHONY MILLS,3
SYNERGIES PARIS SAS,19
SYRNA SA,45
SYRRIS LTD,16
SYSTEM-POOL,45
Schmitt Baumaschinen Grüßen,20
Schäfer Trennwandsysteme GmbH,20
Screenflex.Portable Partitions Inc.,52
Signes-Grimalt S.A.,45
SÜD-FENSTERWERK GMBH,20
T.S.C. SRL,27
TACCHIFICIO MONTI,27
TACCHIFICIO SAN MARCO,27
TAGLIABUE ALBERTO & ALESSANDRO SNC,27
TAILLARDAT SAS,19
TAITU,27
TAIWAN YUN LIN ELECTRONIC CO,48
TAL NV,3
TALENTI SRL,27
TAPICERIAS GANZEDO,45
TAPIZADOS FAMA,45
TAPIZADOS LUJOSA,45
TAPIZADOS MORADILLO SA,45
TAPPEZZERIA CIMINI,27
TARASOVA INNA,27
TARGET POINT NEW SRL,27
TARGET SRL,27
TARGETTI,27
TAROCCO VACCARI,27
TAROCCO VACCARI GROUP SRL,27
TASINAZZO STILE SNC,27
TATIANA ZHELEZNYAK,16
TATJANA SEILER TEXTILVERTRETUNG,20
TAU CERAMICA SOLUTIONS,45
TAVAR SRL,27
TAYMOBLE SL,45
TC GANCEDO,45
TEAM 7 Natürlich Wohnen GmbH,20
TEAM CASA SRL,27
TECHNICAL CERAMICS & LABORATORY EQUIPMENT CORP,50
TECHNOGRAFICA SPA,27
TECNI NOVA,45
TECNOARREDO,27
TECNOCONTROL SRL,27
TECNOEKA SRL,27
TECNOGI SPA,27
TECNOLINE Gmbh,20
TECNOLUMEN Gmbh,20
TECNOPACKING,27
TEGAR MOBEL SL,45
TEHNICA,42
TEIKO SPOL SRO,14
TEIXIDORS,45
TEJIDOS CAVITEX SL,45
TEJIDOS FORES,45
TEJIDOS FRANCES,45
TEJIDOS REBES,45
TEKNA,3
TEKNA BV BA,45
TELAS PARA TAPIZAR,45
TEMPORA ARREDAMENTI SRL,27
TENDAGGI PARADISO SRL,27
TENDENCIAS CERAMICAS SL,45
TENERE 2009 SL,45
TENNIS POINT GMBH,20
TENNISTON GMBH,20
TEO EUROPE GMBH,20
TEREDICI DESIGN,27
TERMONOVA SPA,27
TERREAL SRL,27
TERRECOTE SAN ROCCO,27
TERZANI SRL,27
TESSAROLO SRL,27
TESSITURA SERENZA,27
TESSITURA TENDAGGI,27
TESSUTI ARTISTICI FORTUNY,27
TESSUTI BERGNA SAS,27
TESSUTI ITALIA,27
TETE A TETE ARTS,19
TEX -IND SPA,27
TEX HOUSE,27
TEX INGRO,27
TEXATHENEA SL,45
TEXRICO,27
TEXTIL CADENA SA,45
TEXTILES EL CID,45
TEXTILES JOYPER,45
TEXTILES OLCINA SL,45
TEXTILES VILBER,45
TEXTILES VISATEX SL,45
TEXTILHANDELS Gmbh,20
TEXTURAS POR ALEXANDRA,45
TEXTUS,27
TGM s.r.l,27
THAI NATURA,45
THE BEAUTIFUL BED COMPANY,52
THE CAST IRON BATH COMPANY,16
THE DESIGN ARCHIVES,7
THE INVISIBLE COLLECTION,19
THE ISLE MILL,16
THE KITCHEN SINK COMPANY,16
THE LANTERN,23
THE OLD CHAIR COMPANY,16
THE PORTFOLIO COLLECTIONS,16
THE SOFA & CHAIR COMPANY,16
THE SOFA AND CHAIR COMPANY,16
THE THAI SILK,49
THE URBAN ELECTRIC CO,52
THE VAULT,52
THEODORE ALEXANDER,52
THEVENON,19
THIBAULT ARNET,19
THIELEMEYER GMBH,20
THIERRY GERBER,19
THIS IS DUTCH,36
THOT Srl.,27
TICSA CERAMICS SL,45
TIERLANTIJN LIGHTING,36
TIFERNO MOBILI SRL,27
TIME LUXURY HOME,45
TIMOTHEUS KULTSCHYTZKY,20
TIMSTOR NV,3
TINCANI GIULIANO,27
TINCHULI CARPET UDYONG,35
TISCA ITALIA SRL,27
TISSERANT ART & STYLE,19
TISSERANT ART AND STYLE,19
TISSUTI ITALIA DI ZUANETTO MARCELLO,27
TITCHMARSH & GOODWIN,16
TK TEXTIL,20
TM ITALIA SRL,27
TNB,27
TOBIAS GRAU GMBH,20
TOGNANA PORCELLANE SPA,27
TOILES DE MAYENNE SAS,19
TOLINO SPA,27
TOM DIXON,16
TOMAS SAEZ,45
TOMASELLA COMPANY SRL,27
TOMASELLA MOBILI SAS,27
TOMASSI CUCINE,27
TONELLI DESING SRL,27
TONGXIANG YAYA TEXTILE CO LTD,11
TONIN CASA SRL,27
TONO BAGNO,45
TONON & CO SPA,27
TOOY SRL,27
TOP MANEL 1 SRL,27
TOPCER INDUSTRIA DE CERAMICA LDA,41
TOPCER INDUSTRIA DE CERAMICA SA,45
TOPSPIN,20
TOPSPIN,16
TORCHETTI CUCINE SRL,27
TORNADO INTERNATIONAL LTD,16
TORNEADOS MUNOZ SL,45
TORRENT,45
TOSATO SRL,27
TOSCANO MOBIL SL,45
TOSCONOVA SRL,27
TOSCOT,27
TOSSB,3
TOUCAN-T,20
TOY PALACE GMBH,20
TRACY HINER,52
TRADITIONAL MOSAIC SL,45
TRANSALDO,45
"TRANSALDO, S.L.",45
TRANSPORT MONDER,27
TRASCONTI SRL,27
TRASTES E CONTRASTES,41
TRE D SNC,27
TREBOL MOBILIARIO INFANTIL SLU,45
TRECA INTERIORS,19
TRECA INTERIORS PARIS,19
TRECA PARIS,19
TRECHEL ESPANA,45
TRECI SALOTTI,42
TREDICI,27
TREDICI DESIGN,27
TREESSECI SRL,27
TREKU,45
TREND GROUP SPA,27
TRENDY GATE,45
TRES POLSKA SP ZOO,40
TRES POLSKA ZOO,40
TRES TINTAS,45
TRG,27
TRIBU,3
TRILUX GMBH & CO KG,20
TRIVA GROUP,41
TRIZO21,3
TROWBRIDGE,16
TROWBRIDGE GALLERY,16
TROY LIGHTING,52
TRUEGGELMANN,20
TSC,27
TSL TRADING,27
TUBES,27
TUMIDEI,27
TURA INIZIATIVE DI ARREDAMENTO SRL,27
TURATI & C,27
TURAZZA CLAUDIO & C SNC,27
TURRI,27
TUUCI EMEA,36
TUUCI EUROPE BV,36
TUVATEXTIL,45
TUVATEXTIL SL,45
TUVATEXTIL SL,45
TUVATEXTIL SL,45
TWILS SRL,27
TYCHE PORCELLANE,27
The Bradley Collection,16
Tindle Lighting Ltd,16
U STYLE MANUFACTURING CO LTD,11
UAB B2B PROJECTS,32
UAB RODETA,32
UDERZO,27
UFFIX SRL,27
ULIVI SALOTTI SRL,27
ULTOM SPA,27
UMBRA POMPE SRL,27
UMOS,41
UNICAL AG SPA,27
UNICOM STARKER,27
"UNION INTERNATIONAL MARKETING CO., LIMITED",11
UNIQUE CLASSIC TREND,27
UNIQUE LIGHTS GMBH,20
UNISPED LOGISTIK GMBH,20
UNITR3S,45
UNIVAL SRL,27
UNIVERSAL PACK SRL,27
UNIVERSAL XXI,45
UNOPIU,27
UNOVIAMATTEOTTI SRL,27
URBANMINT DESIGN LDA,41
URSUS BILLIARDI SRL,27
USED WOOD STOVE,27
UTA KOLOCZEK,20
UTOPIA TABLEWARE LTD,16
UTTERMOST,52
VACCARI CAV. GIOVANNI,27
VACCARI INTERNATIONAL,27
VAGNER POOL SRO,27
VALCUCINE SPA,27
VALDAMA,27
VALDERAMOBILI SRL,27
VALDICHIENTI SRL,27
VALENCIA MODEL FURNITURE,45
VALENTE SRL,27
VALENTI,45
VALENTINI SRL,27
VALERIE COURTET SCULPTURE,19
VALLELUNGA & CO SRL,27
VALLEY DINAMO LP,52
VALMORI,27
VAMA CUCINE,27
VAN DER GUCHT,3
VAN GERWEN NEDERLAND BV,36
VAN ROON LIVING,36
VANESSA MITRANI CREATIONS,19
VANGUARD,52
VANICO SA,45
VANLUX,45
VANN KLIFF GALLERY SL,45
VARASCHIN SPA,27
VAROTTO ALFREDO,27
VAUGHAN LTD,16
VAY SPA,27
VAY SPA 2,27
VEBA HOME TEXTILE,2
VECAMBO SRL,27
VEDA,19
VELIKAYA MEBEL ISPANII,42
VELOX,52
VENERAN MOBILI SRL,27
VENETA CUCINE SPA,27
VENETA CUSCINI SRL,27
VENETA SEDIE TRADING SRL,27
VENETO CERAMICAS SA,45
VENICE HOME COLLECTION,27
VENICEM SRL,27
VENIER MOBILIFICIO SPA,27
VENUS CERAMICA,45
VERA SRL,27
VERANDA HOME GROUP GMBH,20
VERANDA SRL,27
VERASETA SAS,19
VERCESI SRL,27
VERNI-PRENS,45
VERNIPOL SRL,27
VERONA ARREDI SRL,27
VERONESE SAS,19
VEROTEX INDUSTRIES BV,36
VERPAN APS,15
VERSA PARTNER GROUP SL,27
VERSACE CERAMICS,27
VERSATILE HOME SL,45
VERSMISSEN FURNITURE & DECORATION,36
VERTISOL INTERNATIONAL SRL,45
VERYSOFA,27
VESCO LLC,51
VESOI SRL,27
VESTIGIA SRL,27
VETRERIA VISTOSI SRL,27
VETRERIE DI EMPOLI SPA,27
VETROFUSO,27
VETUR BV,36
VG NEWTREND,27
VI SPRING,27
VIABIZZUNO,19
VIALE SISTEMI SRL,27
VIBAIVA FENSTER,32
VIBATEX SNC,27
VIBIA / GRUPO T,45
VIBIEFFE 85 SRL,27
VICCARBE,45
VICCARBE HABITAT SL,45
VICENT MONTORO SL,45
VICENTE SARRIO SL,45
VICENTE ZARAGOZA SA,45
VICTORIA + ALBERT,16
VIDAL GOLD,45
VIDAL RIUS SA,45
VIDRIOS GRANADA,45
VIGANO SPA,45
VIGANO SRL,27
VILLA LUMI,27
VILLALBA,45
VILLANOVA MARIO SRL,27
VILLARI SRL,27
VILLASIMIUS SRL,27
VILLEROY & BOCH AG,20
VILUMA SRL,27
VIMERCATI SNC,27
VINCENT SHEPPARD NV,3
VINTAGE DOMUS SRL,27
VIOLAM SA,21
VIOR DI VIAN GABRIELE & C SAS,27
VIOR DI VIAN GABRIELE & C SAS,27
VIP POLYMERS LTD,16
VIPS AND FRIENDS,3
VIR VALVOINDUSTRIA ING. RIZZIO SPA,27
VIROJANGLOR,19
VISCO CONFORT,45
VISIONNAIRE,27
VISMAP SRL,27
VISMARA DESIGN,27
VISO INC,10
VISTA ALEGRE ATLANTIS SA,41
VISTE CASA,45
VISTOSI,27
VISUAL COMFORT,20
VITO AG,20
VITRA INTERNATIONAL AG,20
VITTORIA ORLANDI SRL,27
VITTORIA SPA,27
VIVA,27
VLADIMIR NOJ TRADING,20
VLAEMYNCK,19
VOF LUMIERE,36
VOGUE,16
VOGUE UK,16
VOLEVATCH,19
VOLPI,27
VOLTAN INDUSTRIA MOBILI,27
VOLTOLINA,27
VON DER GUCHT POTERY & BAMBOO NV,3
VONDELS,36
VONDOM SLU,45
VONNEGUT CRAFT,52
VP KOCH,20
VUZETA SRL,27
VYM SOFAS,45
Voglauer Gschwandtner & Zwilling Gm,20
WALCO,27
WALKER ZANGER,52
WALL & DECO SRL,27
WALLYART,27
WALTER KNOLL AG & CO KG,20
WANNENESGROUP,27
WAREHOUSE,27
WASTBERG LIGHTING AB,46
WERNER VOSH GMBH,20
WESETA TEXTIL AG,47
WEVER & DUERE,20
WEWER&DURCE,3
WG SCANDINAVIAN WALL GROUP AB,46
WHIRPOOLS WORLD ONE GMBH,20
WHITE LINE SRL,27
WHITEMEADOW,16
WHITEWALL USA,52
WIDMANN STONE SNC,27
WILA LICHTTECHNIK GMBH,20
WILKENING HAHNE GMBH,20
WILKENS & SOHNE GMBH,20
WILLIAM YOWARD,52
WILLIAMS SONOMA,52
WILLY MEYER AND SOHN GMBH,20
WIND,3
WINDFALL,20
WINTER,20
WINTER CREATION,20
WINTERLAND INC,52
WIOSOFAS SL,45
WIRED DESIGNS,52
WISE-FAB GROUP,21
WISTERIA,52
WKS GMBH,20
WOESSNER,20
WOHNKULTUR (LA BARGE),20
WONDERLIGHT,41
WOODLAND CREEK FURNITURE INC,52
WOOUF SL,45
WORKSTEAD LTD,52
WOSSNER GMBH,20
WWWTS,27
"WeiHai Global Chemical Machinery MFG Co., Ltd",11
"WeiHai Global Chemical Machinery MFG Co., Ltd",11
White Line SRL,27
Wintons Teak,24
Wiva Group S.p.A.,27
XILO 1934,27
XINYUN-STONE,11
XOFA SPOLKA ZOO,40
YEBANE ESPANOLA SA,45
YOMEI GMBH,20
YOMEI GMBH,20
YOUNIQUE SRL,27
YOURCAD SRL,27
YUWI BANQU TOY CO LTD,11
YVYRA TECHNOLOGIES SL,45
Younique,41
Yuehua Token Co,11
ZACHE DISENO & ANZADI MOBILIARIO,45
ZADISE,45
ZAFFERANO SRL,27
ZALF SPA,27
ZAMPIERI CUCINE SRL,27
ZANABONI SNC,27
ZANAT,5
ZANCANELLA RENZO & C SNC,27
ZANDARIN,27
ZANDARIN SILVANO,27
ZANETTE SPA,27
ZANIN luxury coverings,27
ZANOTTA SPA,27
ZANUTTA SPA,27
ZAPPALORTO SRL,27
ZEITLOS BERLIN,20
ZENNIO AVANCE Y TECNOLOGIA SL,45
ZENZA,36
ZEUS NOTO SRL,27
ZHONGSHAN,11
"ZHONGSHAN CITY KINGLONG LIGHTING FACTORY CO., LTD",11
ZIAS INTERNATIONAL GMBH,20
ZICHE MARMI SRL,27
ZIMMER & ROHDE GMBH,20
ZIMMERLI,47
ZIMMERLI TEXTIL AG,20
ZINI srl,27
ZODIAC,16
ZOFFANY,16
ZONCA INTERNATIONAL S.r.l.,27
ZONCA SPA,27
ZUCCHETTI RUBINTTERIA SPA,27
ZUO MODERN,52
Zhongshan Marsden Lighting,11
"Zhongshan Showsun Lighting Co., Ltd",11
СERAMICA COLLI DI SASSUOLO SPA,27